hora,transito,no2,pm25,estacion
2024-06-01T00:00:00Z,192,NA,10.25,Curva de Maronias
2024-06-01T01:00:00Z,103,NA,6.566666666666666,Curva de Maronias
2024-06-01T02:00:00Z,95,NA,4.4,Curva de Maronias
2024-06-01T03:00:00Z,94,NA,3.283333333333333,Curva de Maronias
2024-06-01T04:00:00Z,100,NA,3,Curva de Maronias
2024-06-01T05:00:00Z,223,NA,3.15,Curva de Maronias
2024-06-01T06:00:00Z,240,NA,3.95,Curva de Maronias
2024-06-01T07:00:00Z,384,NA,6.083333333333333,Curva de Maronias
2024-06-01T08:00:00Z,571,NA,6.2,Curva de Maronias
2024-06-01T09:00:00Z,754,NA,8.864406779661017,Curva de Maronias
2024-06-01T10:00:00Z,868,NA,9.666666666666666,Curva de Maronias
2024-06-01T11:00:00Z,1042,NA,11.766666666666667,Curva de Maronias
2024-06-01T12:00:00Z,1088,NA,18.283333333333335,Curva de Maronias
2024-06-01T13:00:00Z,970,NA,17.5,Curva de Maronias
2024-06-01T14:00:00Z,810,NA,21.316666666666666,Curva de Maronias
2024-06-01T15:00:00Z,796,NA,22.933333333333334,Curva de Maronias
2024-06-01T16:00:00Z,833,NA,27.983333333333334,Curva de Maronias
2024-06-01T17:00:00Z,749,NA,40.983333333333334,Curva de Maronias
2024-06-01T18:00:00Z,709,NA,72.95,Curva de Maronias
2024-06-01T19:00:00Z,579,NA,65.21666666666667,Curva de Maronias
2024-06-01T20:00:00Z,470,NA,62,Curva de Maronias
2024-06-01T21:00:00Z,421,NA,53.75,Curva de Maronias
2024-06-01T22:00:00Z,359,NA,38.233333333333334,Curva de Maronias
2024-06-01T23:00:00Z,275,NA,41.9,Curva de Maronias
2024-06-02T00:00:00Z,225,NA,48.18333333333333,Curva de Maronias
2024-06-02T01:00:00Z,167,NA,47.95,Curva de Maronias
2024-06-02T02:00:00Z,143,NA,52.96666666666667,Curva de Maronias
2024-06-02T03:00:00Z,78,NA,49.28333333333333,Curva de Maronias
2024-06-02T04:00:00Z,86,NA,44,Curva de Maronias
2024-06-02T05:00:00Z,248,NA,42.31666666666667,Curva de Maronias
2024-06-02T06:00:00Z,253,NA,33,Curva de Maronias
2024-06-02T07:00:00Z,327,NA,20.05,Curva de Maronias
2024-06-02T08:00:00Z,388,NA,15.366666666666667,Curva de Maronias
2024-06-02T09:00:00Z,467,NA,14.517241379310345,Curva de Maronias
2024-06-02T10:00:00Z,605,NA,14.633333333333333,Curva de Maronias
2024-06-02T11:00:00Z,839,NA,11.183333333333334,Curva de Maronias
2024-06-02T12:00:00Z,748,NA,7.116666666666666,Curva de Maronias
2024-06-02T13:00:00Z,707,NA,10.35,Curva de Maronias
2024-06-02T14:00:00Z,606,NA,16.15,Curva de Maronias
2024-06-02T15:00:00Z,548,NA,9.8,Curva de Maronias
2024-06-02T16:00:00Z,550,NA,21.066666666666666,Curva de Maronias
2024-06-02T17:00:00Z,673,NA,19.2,Curva de Maronias
2024-06-02T18:00:00Z,500,NA,48.6,Curva de Maronias
2024-06-02T19:00:00Z,429,NA,70.48333333333333,Curva de Maronias
2024-06-02T20:00:00Z,436,NA,78.83333333333333,Curva de Maronias
2024-06-02T21:00:00Z,292,NA,69.15,Curva de Maronias
2024-06-02T22:00:00Z,246,NA,58.95,Curva de Maronias
2024-06-02T23:00:00Z,204,NA,7.15,Curva de Maronias
2024-06-03T00:00:00Z,94,NA,4.033333333333333,Curva de Maronias
2024-06-03T01:00:00Z,64,NA,3,Curva de Maronias
2024-06-03T02:00:00Z,23,NA,3,Curva de Maronias
2024-06-03T03:00:00Z,1,NA,3,Curva de Maronias
2024-06-03T04:00:00Z,10,NA,3,Curva de Maronias
2024-06-03T05:00:00Z,49,NA,3.05,Curva de Maronias
2024-06-03T06:00:00Z,65,NA,3.7666666666666666,Curva de Maronias
2024-06-03T07:00:00Z,336,NA,5.05,Curva de Maronias
2024-06-03T08:00:00Z,1045,NA,6.6440677966101696,Curva de Maronias
2024-06-03T09:00:00Z,907,NA,6.866666666666666,Curva de Maronias
2024-06-03T10:00:00Z,944,NA,6.116666666666666,Curva de Maronias
2024-06-03T11:00:00Z,957,NA,4.583333333333333,Curva de Maronias
2024-06-03T12:00:00Z,973,NA,5.733333333333333,Curva de Maronias
2024-06-03T13:00:00Z,1052,NA,5.783333333333333,Curva de Maronias
2024-06-03T14:00:00Z,1005,NA,8.016666666666667,Curva de Maronias
2024-06-03T15:00:00Z,1081,NA,4.883333333333334,Curva de Maronias
2024-06-03T16:00:00Z,1103,26.733333333333334,7.533333333333333,Curva de Maronias
2024-06-03T17:00:00Z,1199,23.983333333333334,11,Curva de Maronias
2024-06-03T18:00:00Z,941,21.033333333333335,14.733333333333333,Curva de Maronias
2024-06-03T19:00:00Z,686,15.983333333333333,14.266666666666667,Curva de Maronias
2024-06-03T20:00:00Z,493,14.316666666666666,15.666666666666666,Curva de Maronias
2024-06-03T21:00:00Z,415,14.533333333333333,26.55,Curva de Maronias
2024-06-03T22:00:00Z,366,19.883333333333333,47.2,Curva de Maronias
2024-06-03T23:00:00Z,281,13.883333333333333,42.71666666666667,Curva de Maronias
2024-06-04T00:00:00Z,149,17.233333333333334,60.81666666666667,Curva de Maronias
2024-06-04T01:00:00Z,80,5.3,14.083333333333334,Curva de Maronias
2024-06-04T02:00:00Z,49,10.8,16.533333333333335,Curva de Maronias
2024-06-04T03:00:00Z,51,25.366666666666667,23.466666666666665,Curva de Maronias
2024-06-04T04:00:00Z,85,45.833333333333336,22.75,Curva de Maronias
2024-06-04T05:00:00Z,280,63.43333333333333,16.666666666666668,Curva de Maronias
2024-06-04T06:00:00Z,458,69.46666666666667,20.816666666666666,Curva de Maronias
2024-06-04T07:00:00Z,847,88.33333333333333,25.15,Curva de Maronias
2024-06-04T08:00:00Z,1057,96.63333333333334,18.620689655172413,Curva de Maronias
2024-06-04T09:00:00Z,1035,89.16666666666667,25.166666666666668,Curva de Maronias
2024-06-04T10:00:00Z,959,65.23333333333333,23.966666666666665,Curva de Maronias
2024-06-04T11:00:00Z,942,40.1,10.9,Curva de Maronias
2024-06-04T12:00:00Z,920,23.966666666666665,10.35,Curva de Maronias
2024-06-04T13:00:00Z,1023,30.233333333333334,9.066666666666666,Curva de Maronias
2024-06-04T14:00:00Z,1046,23.133333333333333,11.133333333333333,Curva de Maronias
2024-06-04T15:00:00Z,932,24.666666666666668,8.9,Curva de Maronias
2024-06-04T16:00:00Z,1080,13.25,6.916666666666667,Curva de Maronias
2024-06-04T17:00:00Z,1136,19.65,20.033333333333335,Curva de Maronias
2024-06-04T18:00:00Z,848,40.35,32.21666666666667,Curva de Maronias
2024-06-04T19:00:00Z,590,53.1,47.81666666666667,Curva de Maronias
2024-06-04T20:00:00Z,476,70.63333333333334,86.46666666666667,Curva de Maronias
2024-06-04T21:00:00Z,375,74.06666666666666,100.41666666666667,Curva de Maronias
2024-06-04T22:00:00Z,322,53.75,46.6,Curva de Maronias
2024-06-04T23:00:00Z,212,22.6,17.116666666666667,Curva de Maronias
2024-06-05T00:00:00Z,119,15.5,13.55,Curva de Maronias
2024-06-05T01:00:00Z,60,8.6,13.466666666666667,Curva de Maronias
2024-06-05T02:00:00Z,44,11.816666666666666,10.233333333333333,Curva de Maronias
2024-06-05T03:00:00Z,46,5.3,6.85,Curva de Maronias
2024-06-05T04:00:00Z,57,8.766666666666667,7.4,Curva de Maronias
2024-06-05T05:00:00Z,279,14.866666666666667,7.816666666666666,Curva de Maronias
2024-06-05T06:00:00Z,472,23.7,9.716666666666667,Curva de Maronias
2024-06-05T07:00:00Z,847,41.78333333333333,11.716666666666667,Curva de Maronias
2024-06-05T08:00:00Z,978,71.35,20.084745762711865,Curva de Maronias
2024-06-05T09:00:00Z,948,68.86666666666666,16.633333333333333,Curva de Maronias
2024-06-05T10:00:00Z,883,59.93333333333333,12.266666666666667,Curva de Maronias
2024-06-05T11:00:00Z,1011,46.43333333333333,15.75,Curva de Maronias
2024-06-05T12:00:00Z,966,41.43333333333333,11.933333333333334,Curva de Maronias
2024-06-05T13:00:00Z,961,24.983333333333334,8.35,Curva de Maronias
2024-06-05T14:00:00Z,974,16.7,7.466666666666667,Curva de Maronias
2024-06-05T15:00:00Z,1016,16.6,6.383333333333334,Curva de Maronias
2024-06-05T16:00:00Z,1105,33.18333333333333,9.95,Curva de Maronias
2024-06-05T17:00:00Z,1201,48.333333333333336,18.466666666666665,Curva de Maronias
2024-06-05T18:00:00Z,798,43.78333333333333,21.016666666666666,Curva de Maronias
2024-06-05T19:00:00Z,607,43.53333333333333,22.416666666666668,Curva de Maronias
2024-06-05T20:00:00Z,464,41.71666666666667,22.166666666666668,Curva de Maronias
2024-06-05T21:00:00Z,383,37.61666666666667,22.133333333333333,Curva de Maronias
2024-06-05T22:00:00Z,307,35.8,17.583333333333332,Curva de Maronias
2024-06-05T23:00:00Z,227,30.6,14.3,Curva de Maronias
2024-06-06T00:00:00Z,161,23.85,14.583333333333334,Curva de Maronias
2024-06-06T01:00:00Z,71,8.6,9.133333333333333,Curva de Maronias
2024-06-06T02:00:00Z,41,7.2,7.2,Curva de Maronias
2024-06-06T03:00:00Z,47,8.966666666666667,9.666666666666666,Curva de Maronias
2024-06-06T04:00:00Z,73,21.333333333333332,16.983333333333334,Curva de Maronias
2024-06-06T05:00:00Z,244,35.333333333333336,13.1,Curva de Maronias
2024-06-06T06:00:00Z,386,45.483333333333334,15.483333333333333,Curva de Maronias
2024-06-06T07:00:00Z,804,50.18333333333333,17.183333333333334,Curva de Maronias
2024-06-06T08:00:00Z,1054,54.56666666666667,26.70689655172414,Curva de Maronias
2024-06-06T09:00:00Z,991,65.5,23.383333333333333,Curva de Maronias
2024-06-06T10:00:00Z,961,52.416666666666664,20.7,Curva de Maronias
2024-06-06T11:00:00Z,907,42.36666666666667,22.683333333333334,Curva de Maronias
2024-06-06T12:00:00Z,927,42.583333333333336,25.083333333333332,Curva de Maronias
2024-06-06T13:00:00Z,950,51.85,31.216666666666665,Curva de Maronias
2024-06-06T14:00:00Z,1061,59.43333333333333,28.433333333333334,Curva de Maronias
2024-06-06T15:00:00Z,1017,84.66666666666667,35.733333333333334,Curva de Maronias
2024-06-06T16:00:00Z,1073,97.41666666666667,29.2,Curva de Maronias
2024-06-06T17:00:00Z,1141,129.95,37.95,Curva de Maronias
2024-06-06T18:00:00Z,912,113.63333333333334,52.483333333333334,Curva de Maronias
2024-06-06T19:00:00Z,663,94.85,79.45,Curva de Maronias
2024-06-06T20:00:00Z,478,89.93333333333334,90.8,Curva de Maronias
2024-06-06T21:00:00Z,383,74.76666666666667,89.7,Curva de Maronias
2024-06-06T22:00:00Z,300,59.06666666666667,104.88333333333334,Curva de Maronias
2024-06-06T23:00:00Z,265,64.45,98.2,Curva de Maronias
2024-06-07T00:00:00Z,140,68.55,91.36666666666666,Curva de Maronias
2024-06-07T01:00:00Z,79,58.166666666666664,55.55,Curva de Maronias
2024-06-07T02:00:00Z,55,49.9,58,Curva de Maronias
2024-06-07T03:00:00Z,43,46.75,42.05,Curva de Maronias
2024-06-07T04:00:00Z,76,58.35,44.516666666666666,Curva de Maronias
2024-06-07T05:00:00Z,262,104.95,49.7,Curva de Maronias
2024-06-07T06:00:00Z,434,89.21666666666667,41.61666666666667,Curva de Maronias
2024-06-07T07:00:00Z,765,82.11666666666666,53.46666666666667,Curva de Maronias
2024-06-07T08:00:00Z,987,104.46666666666667,99.62711864406779,Curva de Maronias
2024-06-07T09:00:00Z,1013,114.21666666666667,75.83333333333333,Curva de Maronias
2024-06-07T10:00:00Z,906,102.68333333333334,48.516666666666666,Curva de Maronias
2024-06-07T11:00:00Z,1031,62.21666666666667,38.3,Curva de Maronias
2024-06-07T12:00:00Z,1017,47.166666666666664,36.18333333333333,Curva de Maronias
2024-06-07T13:00:00Z,1045,31.633333333333333,19.183333333333334,Curva de Maronias
2024-06-07T14:00:00Z,1086,25.55,19.983333333333334,Curva de Maronias
2024-06-07T15:00:00Z,1078,24.8,19.2,Curva de Maronias
2024-06-07T16:00:00Z,1181,33.03333333333333,27.716666666666665,Curva de Maronias
2024-06-07T17:00:00Z,1179,61.43333333333333,63.38333333333333,Curva de Maronias
2024-06-07T18:00:00Z,809,64.85,45.55,Curva de Maronias
2024-06-07T19:00:00Z,728,50.46666666666667,44.11666666666667,Curva de Maronias
2024-06-07T20:00:00Z,588,68.6,62.53333333333333,Curva de Maronias
2024-06-07T21:00:00Z,457,62.1,82.2,Curva de Maronias
2024-06-07T22:00:00Z,371,50.31666666666667,67.28333333333333,Curva de Maronias
2024-06-07T23:00:00Z,339,35.88333333333333,54.8,Curva de Maronias
2024-06-08T00:00:00Z,195,18.066666666666666,22.75,Curva de Maronias
2024-06-08T01:00:00Z,118,10.5,14.416666666666666,Curva de Maronias
2024-06-08T02:00:00Z,87,5.1,16.833333333333332,Curva de Maronias
2024-06-08T03:00:00Z,68,6.766666666666667,19.666666666666668,Curva de Maronias
2024-06-08T04:00:00Z,72,10.2,23.4,Curva de Maronias
2024-06-08T05:00:00Z,200,15.566666666666666,22.5,Curva de Maronias
2024-06-08T06:00:00Z,248,17.85,21.883333333333333,Curva de Maronias
2024-06-08T07:00:00Z,437,22.6,19.633333333333333,Curva de Maronias
2024-06-08T08:00:00Z,619,25.883333333333333,18.086206896551722,Curva de Maronias
2024-06-08T09:00:00Z,816,26.633333333333333,16.333333333333332,Curva de Maronias
2024-06-08T10:00:00Z,1047,28.883333333333333,14.916666666666666,Curva de Maronias
2024-06-08T11:00:00Z,1167,29.666666666666668,12.333333333333334,Curva de Maronias
2024-06-08T12:00:00Z,1106,33.36666666666667,11.516666666666667,Curva de Maronias
2024-06-08T13:00:00Z,996,30.6,9.833333333333334,Curva de Maronias
2024-06-08T14:00:00Z,774,39.016666666666666,10.233333333333333,Curva de Maronias
2024-06-08T15:00:00Z,811,44.38333333333333,13.566666666666666,Curva de Maronias
2024-06-08T16:00:00Z,821,49.516666666666666,16.5,Curva de Maronias
2024-06-08T17:00:00Z,843,42.9,34.916666666666664,Curva de Maronias
2024-06-08T18:00:00Z,689,44.5,26.916666666666668,Curva de Maronias
2024-06-08T19:00:00Z,590,42.03333333333333,29.95,Curva de Maronias
2024-06-08T20:00:00Z,602,30.95,18.95,Curva de Maronias
2024-06-08T21:00:00Z,431,29,20.7,Curva de Maronias
2024-06-08T22:00:00Z,455,22.966666666666665,17.333333333333332,Curva de Maronias
2024-06-08T23:00:00Z,365,23.383333333333333,14.983333333333333,Curva de Maronias
2024-06-09T00:00:00Z,246,17.4,11.2,Curva de Maronias
2024-06-09T01:00:00Z,179,11.2,9.183333333333334,Curva de Maronias
2024-06-09T02:00:00Z,111,7.333333333333333,7.833333333333333,Curva de Maronias
2024-06-09T03:00:00Z,109,6.766666666666667,9.466666666666667,Curva de Maronias
2024-06-09T04:00:00Z,114,8.3,9.15,Curva de Maronias
2024-06-09T05:00:00Z,259,14.266666666666667,8.783333333333333,Curva de Maronias
2024-06-09T06:00:00Z,302,19.816666666666666,10.016666666666667,Curva de Maronias
2024-06-09T07:00:00Z,356,18.9,8.3,Curva de Maronias
2024-06-09T08:00:00Z,381,27.2,9.03448275862069,Curva de Maronias
2024-06-09T09:00:00Z,536,23.933333333333334,9.266666666666667,Curva de Maronias
2024-06-09T10:00:00Z,676,17.316666666666666,8.666666666666666,Curva de Maronias
2024-06-09T11:00:00Z,921,12.333333333333334,9.083333333333334,Curva de Maronias
2024-06-09T12:00:00Z,883,16.266666666666666,10.95,Curva de Maronias
2024-06-09T13:00:00Z,930,12.833333333333334,11.45,Curva de Maronias
2024-06-09T14:00:00Z,791,17.2,13.233333333333333,Curva de Maronias
2024-06-09T15:00:00Z,742,20.633333333333333,14.65,Curva de Maronias
2024-06-09T16:00:00Z,761,31,19.25,Curva de Maronias
2024-06-09T17:00:00Z,847,40.666666666666664,23.583333333333332,Curva de Maronias
2024-06-09T18:00:00Z,700,42.35,24.65,Curva de Maronias
2024-06-09T19:00:00Z,561,47.74576271186441,26.338983050847457,Curva de Maronias
2024-06-09T20:00:00Z,504,45.05084745762712,26.406779661016948,Curva de Maronias
2024-06-09T21:00:00Z,400,50.05084745762712,28.23728813559322,Curva de Maronias
2024-06-09T22:00:00Z,291,32.766666666666666,23.05,Curva de Maronias
2024-06-09T23:00:00Z,211,29,17.066666666666666,Curva de Maronias
2024-06-10T00:00:00Z,145,31.85,7.016666666666667,Curva de Maronias
2024-06-10T01:00:00Z,89,9.75,3.533333333333333,Curva de Maronias
2024-06-10T02:00:00Z,62,6.133333333333334,3,Curva de Maronias
2024-06-10T03:00:00Z,60,12.366666666666667,3,Curva de Maronias
2024-06-10T04:00:00Z,75,22.883333333333333,3,Curva de Maronias
2024-06-10T05:00:00Z,303,32.79661016949152,3,Curva de Maronias
2024-06-10T06:00:00Z,448,41.7,3.4166666666666665,Curva de Maronias
2024-06-10T07:00:00Z,865,55.13333333333333,4.65,Curva de Maronias
2024-06-10T08:00:00Z,1085,52.75,6.758620689655173,Curva de Maronias
2024-06-10T09:00:00Z,1047,61.233333333333334,10.816666666666666,Curva de Maronias
2024-06-10T10:00:00Z,944,25.516666666666666,9.7,Curva de Maronias
2024-06-10T11:00:00Z,837,33.68333333333333,13.233333333333333,Curva de Maronias
2024-06-10T12:00:00Z,835,33.983333333333334,13.55,Curva de Maronias
2024-06-10T13:00:00Z,998,38.42372881355932,13.2,Curva de Maronias
2024-06-10T14:00:00Z,1028,19.116666666666667,11.216666666666667,Curva de Maronias
2024-06-10T15:00:00Z,999,26.483333333333334,12.3,Curva de Maronias
2024-06-10T16:00:00Z,988,30.15,12.95,Curva de Maronias
2024-06-10T17:00:00Z,1135,34.03333333333333,24.366666666666667,Curva de Maronias
2024-06-10T18:00:00Z,859,30.55,41.5,Curva de Maronias
2024-06-10T19:00:00Z,640,24.816666666666666,14.45,Curva de Maronias
2024-06-10T20:00:00Z,505,15.35,18.35,Curva de Maronias
2024-06-10T21:00:00Z,401,9.266666666666667,16.933333333333334,Curva de Maronias
2024-06-10T22:00:00Z,305,17.633333333333333,26.466666666666665,Curva de Maronias
2024-06-10T23:00:00Z,238,28.483333333333334,52.46666666666667,Curva de Maronias
2024-06-11T00:00:00Z,112,30.083333333333332,39.18333333333333,Curva de Maronias
2024-06-11T01:00:00Z,76,21.883333333333333,37.083333333333336,Curva de Maronias
2024-06-11T02:00:00Z,55,13.266666666666667,26.833333333333332,Curva de Maronias
2024-06-11T03:00:00Z,48,5.333333333333333,21.483333333333334,Curva de Maronias
2024-06-11T04:00:00Z,73,9.3,15.683333333333334,Curva de Maronias
2024-06-11T05:00:00Z,208,14.333333333333334,13.133333333333333,Curva de Maronias
2024-06-11T06:00:00Z,339,16.933333333333334,8.6,Curva de Maronias
2024-06-11T07:00:00Z,721,19,3.45,Curva de Maronias
2024-06-11T08:00:00Z,966,22.8,4.568965517241379,Curva de Maronias
2024-06-11T09:00:00Z,935,20.616666666666667,9.183333333333334,Curva de Maronias
2024-06-11T10:00:00Z,985,12.4,8.15,Curva de Maronias
2024-06-11T11:00:00Z,1038,15.1,6.683333333333334,Curva de Maronias
2024-06-11T12:00:00Z,948,10.816666666666666,5.3,Curva de Maronias
2024-06-11T13:00:00Z,1007,20.8,9.75,Curva de Maronias
2024-06-11T14:00:00Z,1008,14.683333333333334,5.383333333333334,Curva de Maronias
2024-06-11T15:00:00Z,981,17.316666666666666,8.933333333333334,Curva de Maronias
2024-06-11T16:00:00Z,1071,22.45,9.883333333333333,Curva de Maronias
2024-06-11T17:00:00Z,1125,32.63333333333333,11.016666666666667,Curva de Maronias
2024-06-11T18:00:00Z,838,27.616666666666667,10.133333333333333,Curva de Maronias
2024-06-11T19:00:00Z,586,21.266666666666666,8.466666666666667,Curva de Maronias
2024-06-11T20:00:00Z,461,15.383333333333333,7.633333333333334,Curva de Maronias
2024-06-11T21:00:00Z,347,19.483333333333334,8.9,Curva de Maronias
2024-06-11T22:00:00Z,308,16.466666666666665,5.25,Curva de Maronias
2024-06-11T23:00:00Z,211,18.083333333333332,6.5,Curva de Maronias
2024-06-12T00:00:00Z,116,10.066666666666666,4.033333333333333,Curva de Maronias
2024-06-12T01:00:00Z,56,5.1,5.816666666666666,Curva de Maronias
2024-06-12T02:00:00Z,40,5,6.033333333333333,Curva de Maronias
2024-06-12T03:00:00Z,40,5,6.333333333333333,Curva de Maronias
2024-06-12T04:00:00Z,43,5.2,5.866666666666666,Curva de Maronias
2024-06-12T05:00:00Z,228,15.433333333333334,7.083333333333333,Curva de Maronias
2024-06-12T06:00:00Z,397,31.083333333333332,9.466666666666667,Curva de Maronias
2024-06-12T07:00:00Z,744,50.3,17.533333333333335,Curva de Maronias
2024-06-12T08:00:00Z,991,49.55,26.637931034482758,Curva de Maronias
2024-06-12T09:00:00Z,998,50.8,21.7,Curva de Maronias
2024-06-12T10:00:00Z,947,41.588235294117645,24.610169491525422,Curva de Maronias
2024-06-12T11:00:00Z,970,NA,39.766666666666666,Curva de Maronias
2024-06-12T12:00:00Z,914,31.8,35.78333333333333,Curva de Maronias
2024-06-12T13:00:00Z,1008,42.733333333333334,33.05,Curva de Maronias
2024-06-12T14:00:00Z,1027,38.65,29.633333333333333,Curva de Maronias
2024-06-12T15:00:00Z,1054,23.716666666666665,26.783333333333335,Curva de Maronias
2024-06-12T16:00:00Z,1003,30.466666666666665,29.45,Curva de Maronias
2024-06-12T17:00:00Z,1148,37.416666666666664,43.05,Curva de Maronias
2024-06-12T18:00:00Z,830,49.583333333333336,79.53333333333333,Curva de Maronias
2024-06-12T19:00:00Z,841,54.63333333333333,64.66666666666667,Curva de Maronias
2024-06-12T20:00:00Z,637,49.56666666666667,63.333333333333336,Curva de Maronias
2024-06-12T21:00:00Z,585,33.93333333333333,20.7,Curva de Maronias
2024-06-12T22:00:00Z,461,25.266666666666666,12.4,Curva de Maronias
2024-06-12T23:00:00Z,333,17.3,10.65,Curva de Maronias
2024-06-13T00:00:00Z,218,11.766666666666667,10.616666666666667,Curva de Maronias
2024-06-13T01:00:00Z,106,5.866666666666666,14.6,Curva de Maronias
2024-06-13T02:00:00Z,58,5,24.316666666666666,Curva de Maronias
2024-06-13T03:00:00Z,75,5,24.133333333333333,Curva de Maronias
2024-06-13T04:00:00Z,94,5.9,19.583333333333332,Curva de Maronias
2024-06-13T05:00:00Z,327,18.75,12.916666666666666,Curva de Maronias
2024-06-13T06:00:00Z,545,31.533333333333335,11.016666666666667,Curva de Maronias
2024-06-13T07:00:00Z,889,42.4,10.65,Curva de Maronias
2024-06-13T08:00:00Z,1198,43.21666666666667,10.327586206896552,Curva de Maronias
2024-06-13T09:00:00Z,1126,44.71666666666667,9.983333333333333,Curva de Maronias
2024-06-13T10:00:00Z,1154,39,11.033333333333333,Curva de Maronias
2024-06-13T11:00:00Z,1191,39.3,10.75,Curva de Maronias
2024-06-13T12:00:00Z,1126,38.63333333333333,9.75,Curva de Maronias
2024-06-13T13:00:00Z,1117,37.5,9.6,Curva de Maronias
2024-06-13T14:00:00Z,1080,41,11.483333333333333,Curva de Maronias
2024-06-13T15:00:00Z,1131,38.733333333333334,11.966666666666667,Curva de Maronias
2024-06-13T16:00:00Z,1215,43.81666666666667,10.533333333333333,Curva de Maronias
2024-06-13T17:00:00Z,1284,58.25,13.416666666666666,Curva de Maronias
2024-06-13T18:00:00Z,1080,54.2,12,Curva de Maronias
2024-06-13T19:00:00Z,913,41.81666666666667,10.85,Curva de Maronias
2024-06-13T20:00:00Z,787,32.766666666666666,8.933333333333334,Curva de Maronias
2024-06-13T21:00:00Z,579,25.566666666666666,12.716666666666667,Curva de Maronias
2024-06-13T22:00:00Z,520,24.583333333333332,9.05,Curva de Maronias
2024-06-13T23:00:00Z,378,21.716666666666665,10.616666666666667,Curva de Maronias
2024-06-14T00:00:00Z,244,31,13.816666666666666,Curva de Maronias
2024-06-14T01:00:00Z,120,22.2,16.8,Curva de Maronias
2024-06-14T02:00:00Z,86,20.15,20.283333333333335,Curva de Maronias
2024-06-14T03:00:00Z,74,18.233333333333334,22.933333333333334,Curva de Maronias
2024-06-14T04:00:00Z,117,35.55,29.216666666666665,Curva de Maronias
2024-06-14T05:00:00Z,333,58.88333333333333,25.55,Curva de Maronias
2024-06-14T06:00:00Z,617,96.63333333333334,34.06666666666667,Curva de Maronias
2024-06-14T07:00:00Z,897,104.2,35.766666666666666,Curva de Maronias
2024-06-14T08:00:00Z,1112,83.95,25.396551724137932,Curva de Maronias
2024-06-14T09:00:00Z,1127,44.63333333333333,17.333333333333332,Curva de Maronias
2024-06-14T10:00:00Z,1083,31.1,19.4,Curva de Maronias
2024-06-14T11:00:00Z,1007,14.8,12.183333333333334,Curva de Maronias
2024-06-14T12:00:00Z,1176,30.466666666666665,9.383333333333333,Curva de Maronias
2024-06-14T13:00:00Z,1188,38.96666666666667,11.1,Curva de Maronias
2024-06-14T14:00:00Z,1162,39.68333333333333,7.283333333333333,Curva de Maronias
2024-06-14T15:00:00Z,1197,41.45,8.1,Curva de Maronias
2024-06-14T16:00:00Z,1272,48.63333333333333,9.7,Curva de Maronias
2024-06-14T17:00:00Z,1480,44.31666666666667,13.916666666666666,Curva de Maronias
2024-06-14T18:00:00Z,1469,91.46666666666667,28.8,Curva de Maronias
2024-06-14T19:00:00Z,1319,45.81666666666667,20.1,Curva de Maronias
2024-06-14T20:00:00Z,1276,74.46666666666667,20.466666666666665,Curva de Maronias
2024-06-14T21:00:00Z,1306,98.2,60.583333333333336,Curva de Maronias
2024-06-14T22:00:00Z,1656,87.86666666666666,100.11666666666666,Curva de Maronias
2024-06-14T23:00:00Z,1197,79.6,89.18333333333334,Curva de Maronias
2024-06-15T00:00:00Z,402,69.6,100.73333333333333,Curva de Maronias
2024-06-15T01:00:00Z,221,61.483333333333334,77.36666666666666,Curva de Maronias
2024-06-15T02:00:00Z,130,57.983333333333334,71.61666666666666,Curva de Maronias
2024-06-15T03:00:00Z,91,46.583333333333336,63.583333333333336,Curva de Maronias
2024-06-15T04:00:00Z,148,43.25,46.766666666666666,Curva de Maronias
2024-06-15T05:00:00Z,370,41.71666666666667,45.03333333333333,Curva de Maronias
2024-06-15T06:00:00Z,353,59.36666666666667,42.03389830508475,Curva de Maronias
2024-06-15T07:00:00Z,537,72.73333333333333,33.016666666666666,Curva de Maronias
2024-06-15T08:00:00Z,681,80.68333333333334,13.120689655172415,Curva de Maronias
2024-06-15T09:00:00Z,1029,45.483333333333334,5.85,Curva de Maronias
2024-06-15T10:00:00Z,1137,90.45,3,Curva de Maronias
2024-06-15T11:00:00Z,1183,32.53333333333333,3.2,Curva de Maronias
2024-06-15T12:00:00Z,1108,34.86666666666667,4.5,Curva de Maronias
2024-06-15T13:00:00Z,1073,25.35,7.183333333333334,Curva de Maronias
2024-06-15T14:00:00Z,938,26.616666666666667,10.283333333333333,Curva de Maronias
2024-06-15T15:00:00Z,881,38.8,11.333333333333334,Curva de Maronias
2024-06-15T16:00:00Z,928,34.916666666666664,9.866666666666667,Curva de Maronias
2024-06-15T17:00:00Z,989,42.15,11.55,Curva de Maronias
2024-06-15T18:00:00Z,935,56.666666666666664,41.483333333333334,Curva de Maronias
2024-06-15T19:00:00Z,844,58.85,77.56666666666666,Curva de Maronias
2024-06-15T20:00:00Z,885,60.8,126.81666666666666,Curva de Maronias
2024-06-15T21:00:00Z,955,73.51666666666667,157.15,Curva de Maronias
2024-06-15T22:00:00Z,732,64.13333333333334,138.93333333333334,Curva de Maronias
2024-06-15T23:00:00Z,418,57.05,84.41666666666667,Curva de Maronias
2024-06-16T00:00:00Z,605,58.666666666666664,61.583333333333336,Curva de Maronias
2024-06-16T01:00:00Z,1272,51.81666666666667,34.18333333333333,Curva de Maronias
2024-06-16T02:00:00Z,768,48.21666666666667,24.916666666666668,Curva de Maronias
2024-06-16T03:00:00Z,148,39.766666666666666,39.53333333333333,Curva de Maronias
2024-06-16T04:00:00Z,173,47.31666666666667,26.3,Curva de Maronias
2024-06-16T05:00:00Z,507,107.06666666666666,28.65,Curva de Maronias
2024-06-16T06:00:00Z,636,68.91666666666667,23.9,Curva de Maronias
2024-06-16T07:00:00Z,391,58.63333333333333,35.416666666666664,Curva de Maronias
2024-06-16T08:00:00Z,454,50.95,49.93103448275862,Curva de Maronias
2024-06-16T09:00:00Z,751,76.73333333333333,31.416666666666668,Curva de Maronias
2024-06-16T10:00:00Z,808,38.11666666666667,20.65,Curva de Maronias
2024-06-16T11:00:00Z,1014,14.1,9.883333333333333,Curva de Maronias
2024-06-16T12:00:00Z,979,7.066666666666666,6.666666666666667,Curva de Maronias
2024-06-16T13:00:00Z,948,9.033333333333333,13.666666666666666,Curva de Maronias
2024-06-16T14:00:00Z,808,9.766666666666667,26.066666666666666,Curva de Maronias
2024-06-16T15:00:00Z,783,16.133333333333333,23.2,Curva de Maronias
2024-06-16T16:00:00Z,837,26.966666666666665,26.433333333333334,Curva de Maronias
2024-06-16T17:00:00Z,965,37.4,26.533333333333335,Curva de Maronias
2024-06-16T18:00:00Z,893,32.88333333333333,34.96666666666667,Curva de Maronias
2024-06-16T19:00:00Z,868,27.65,22.883333333333333,Curva de Maronias
2024-06-16T20:00:00Z,857,21.966666666666665,16,Curva de Maronias
2024-06-16T21:00:00Z,931,17.783333333333335,10.75,Curva de Maronias
2024-06-16T22:00:00Z,373,11.166666666666666,11.766666666666667,Curva de Maronias
2024-06-16T23:00:00Z,300,11.3,14.866666666666667,Curva de Maronias
2024-06-17T00:00:00Z,283,20.1,16.866666666666667,Curva de Maronias
2024-06-17T01:00:00Z,248,25.483333333333334,19.283333333333335,Curva de Maronias
2024-06-17T02:00:00Z,79,18.95,17.866666666666667,Curva de Maronias
2024-06-17T03:00:00Z,676,13.433333333333334,14.866666666666667,Curva de Maronias
2024-06-17T04:00:00Z,603,29.433333333333334,11.966666666666667,Curva de Maronias
2024-06-17T05:00:00Z,613,37.85,8.666666666666666,Curva de Maronias
2024-06-17T06:00:00Z,969,59.6,10.766666666666667,Curva de Maronias
2024-06-17T07:00:00Z,979,83.25,21.033333333333335,Curva de Maronias
2024-06-17T08:00:00Z,1173,70.33333333333333,20.79310344827586,Curva de Maronias
2024-06-17T09:00:00Z,1316,50.13333333333333,13.983333333333333,Curva de Maronias
2024-06-17T10:00:00Z,1186,47.21666666666667,7.85,Curva de Maronias
2024-06-17T11:00:00Z,1010,18.955555555555556,6.777777777777778,Curva de Maronias
2024-06-17T12:00:00Z,1112,17.016666666666666,6.2,Curva de Maronias
2024-06-17T13:00:00Z,1181,13.35,3,Curva de Maronias
2024-06-17T14:00:00Z,1231,14.016666666666667,3.3666666666666667,Curva de Maronias
2024-06-17T15:00:00Z,1195,17.766666666666666,4,Curva de Maronias
2024-06-17T16:00:00Z,1186,26.366666666666667,7,Curva de Maronias
2024-06-17T17:00:00Z,1206,44.45,15.45,Curva de Maronias
2024-06-17T18:00:00Z,1139,61.63333333333333,30.733333333333334,Curva de Maronias
2024-06-17T19:00:00Z,1010,60.416666666666664,12.933333333333334,Curva de Maronias
2024-06-17T20:00:00Z,734,36.9,8.2,Curva de Maronias
2024-06-17T21:00:00Z,564,18.2,8.016666666666667,Curva de Maronias
2024-06-17T22:00:00Z,703,9.266666666666667,7.2,Curva de Maronias
2024-06-17T23:00:00Z,325,5.8,5.783333333333333,Curva de Maronias
2024-06-18T00:00:00Z,315,7.366666666666666,5.883333333333334,Curva de Maronias
2024-06-18T01:00:00Z,935,5.4,5,Curva de Maronias
2024-06-18T02:00:00Z,86,6.633333333333334,4.666666666666667,Curva de Maronias
2024-06-18T03:00:00Z,255,11.866666666666667,7.783333333333333,Curva de Maronias
2024-06-18T04:00:00Z,842,28.083333333333332,14.033333333333333,Curva de Maronias
2024-06-18T05:00:00Z,965,23.866666666666667,14.383333333333333,Curva de Maronias
2024-06-18T06:00:00Z,736,65.08333333333333,11.5,Curva de Maronias
2024-06-18T07:00:00Z,1016,58.38333333333333,19.916666666666668,Curva de Maronias
2024-06-18T08:00:00Z,1187,57.15,17.783333333333335,Curva de Maronias
2024-06-18T09:00:00Z,1132,62.093023255813954,10.083333333333334,Curva de Maronias
2024-06-18T10:00:00Z,1062,36.18,7.733333333333333,Curva de Maronias
2024-06-18T11:00:00Z,1169,34.05,7.241379310344827,Curva de Maronias
2024-06-18T12:00:00Z,1078,30,6.316666666666666,Curva de Maronias
2024-06-18T13:00:00Z,1163,32.483333333333334,7.05,Curva de Maronias
2024-06-18T14:00:00Z,1153,36.43333333333333,6.516666666666667,Curva de Maronias
2024-06-18T15:00:00Z,1169,52.15,8.716666666666667,Curva de Maronias
2024-06-18T16:00:00Z,1312,68.93333333333334,16.033333333333335,Curva de Maronias
2024-06-18T17:00:00Z,1284,76,17.25,Curva de Maronias
2024-06-18T18:00:00Z,1046,87.88333333333334,15.583333333333334,Curva de Maronias
2024-06-18T19:00:00Z,839,81,33.38333333333333,Curva de Maronias
2024-06-18T20:00:00Z,664,74.43333333333334,62.61666666666667,Curva de Maronias
2024-06-18T21:00:00Z,632,55.88333333333333,52,Curva de Maronias
2024-06-18T22:00:00Z,599,73.58333333333333,67.76666666666667,Curva de Maronias
2024-06-18T23:00:00Z,289,62.583333333333336,93.36666666666666,Curva de Maronias
2024-06-19T00:00:00Z,369,60.833333333333336,243.76666666666668,Curva de Maronias
2024-06-19T01:00:00Z,409,49.38333333333333,55.61666666666667,Curva de Maronias
2024-06-19T02:00:00Z,261,45.4,39.53333333333333,Curva de Maronias
2024-06-19T03:00:00Z,710,38.05,34.916666666666664,Curva de Maronias
2024-06-19T04:00:00Z,123,41.3,47.38333333333333,Curva de Maronias
2024-06-19T05:00:00Z,330,56.6,25.483333333333334,Curva de Maronias
2024-06-19T06:00:00Z,779,63.75,32.833333333333336,Curva de Maronias
2024-06-19T07:00:00Z,628,75.43333333333334,28.9,Curva de Maronias
2024-06-19T08:00:00Z,808,84.56666666666666,42.78333333333333,Curva de Maronias
2024-06-19T09:00:00Z,1111,103.35,30.583333333333332,Curva de Maronias
2024-06-19T10:00:00Z,1083,52.61666666666667,30.066666666666666,Curva de Maronias
2024-06-19T11:00:00Z,1268,23.566666666666666,14.689655172413794,Curva de Maronias
2024-06-19T12:00:00Z,1100,18.133333333333333,10.066666666666666,Curva de Maronias
2024-06-19T13:00:00Z,1128,16.1,9.583333333333334,Curva de Maronias
2024-06-19T14:00:00Z,1004,19.283333333333335,8.8,Curva de Maronias
2024-06-19T15:00:00Z,1064,26.733333333333334,16.483333333333334,Curva de Maronias
2024-06-19T16:00:00Z,1098,58.083333333333336,4.416666666666667,Curva de Maronias
2024-06-19T17:00:00Z,1143,63.6,18.916666666666668,Curva de Maronias
2024-06-19T18:00:00Z,986,92.76666666666667,11.816666666666666,Curva de Maronias
2024-06-19T19:00:00Z,820,58.21666666666667,10.2,Curva de Maronias
2024-06-19T20:00:00Z,744,60.36666666666667,12.2,Curva de Maronias
2024-06-19T21:00:00Z,599,73.75,16.533333333333335,Curva de Maronias
2024-06-19T22:00:00Z,437,81.26666666666667,27.683333333333334,Curva de Maronias
2024-06-19T23:00:00Z,515,91.73333333333333,55.2,Curva de Maronias
2024-06-20T00:00:00Z,296,85.65,81.71666666666667,Curva de Maronias
2024-06-20T01:00:00Z,1045,70.55,83.25,Curva de Maronias
2024-06-20T02:00:00Z,245,55.78333333333333,105,Curva de Maronias
2024-06-20T03:00:00Z,70,51.93333333333333,94.73333333333333,Curva de Maronias
2024-06-20T04:00:00Z,98,49.266666666666666,3.15,Curva de Maronias
2024-06-20T05:00:00Z,644,46.36666666666667,3,Curva de Maronias
2024-06-20T06:00:00Z,798,35.05,3,Curva de Maronias
2024-06-20T07:00:00Z,1062,33.36666666666667,3,Curva de Maronias
2024-06-20T08:00:00Z,1265,55.733333333333334,6.466666666666667,Curva de Maronias
2024-06-20T09:00:00Z,1205,31.066666666666666,4.566666666666666,Curva de Maronias
2024-06-20T10:00:00Z,1127,54.03333333333333,3,Curva de Maronias
2024-06-20T11:00:00Z,1110,19.783333333333335,3.4655172413793105,Curva de Maronias
2024-06-20T12:00:00Z,1213,8.966666666666667,3.7,Curva de Maronias
2024-06-20T13:00:00Z,1167,8.833333333333334,4.033333333333333,Curva de Maronias
2024-06-20T14:00:00Z,1170,11.633333333333333,7.05,Curva de Maronias
2024-06-20T15:00:00Z,1143,14.166666666666666,8.416666666666666,Curva de Maronias
2024-06-20T16:00:00Z,1093,14.9,7.3,Curva de Maronias
2024-06-20T17:00:00Z,1267,18.633333333333333,14.8,Curva de Maronias
2024-06-20T18:00:00Z,1238,12.4,14.033333333333333,Curva de Maronias
2024-06-20T19:00:00Z,949,7.233333333333333,9.416666666666666,Curva de Maronias
2024-06-20T20:00:00Z,844,6.266666666666667,11.266666666666667,Curva de Maronias
2024-06-20T21:00:00Z,701,5.233333333333333,9.033333333333333,Curva de Maronias
2024-06-20T22:00:00Z,853,5.266666666666667,9.316666666666666,Curva de Maronias
2024-06-20T23:00:00Z,365,5.2,4.916666666666667,Curva de Maronias
2024-06-21T00:00:00Z,290,5,3.35,Curva de Maronias
2024-06-21T01:00:00Z,147,5,3,Curva de Maronias
2024-06-21T02:00:00Z,161,5,3,Curva de Maronias
2024-06-21T03:00:00Z,1547,5,3.05,Curva de Maronias
2024-06-21T04:00:00Z,114,5,3,Curva de Maronias
2024-06-21T05:00:00Z,469,5,3,Curva de Maronias
2024-06-21T06:00:00Z,987,5,3,Curva de Maronias
2024-06-21T07:00:00Z,1502,5.566666666666666,3,Curva de Maronias
2024-06-21T08:00:00Z,1221,6.366666666666666,3,Curva de Maronias
2024-06-21T09:00:00Z,1005,9.033333333333333,3.066666666666667,Curva de Maronias
2024-06-21T10:00:00Z,986,8.233333333333333,3.1,Curva de Maronias
2024-06-21T11:00:00Z,1125,18.266666666666666,4.5344827586206895,Curva de Maronias
2024-06-21T12:00:00Z,1125,16.483333333333334,4.9,Curva de Maronias
2024-06-21T13:00:00Z,1153,16.266666666666666,6.016666666666667,Curva de Maronias
2024-06-21T14:00:00Z,1122,28.116666666666667,14.3,Curva de Maronias
2024-06-21T15:00:00Z,1203,37.11666666666667,15,Curva de Maronias
2024-06-21T16:00:00Z,1250,39.38333333333333,25.5,Curva de Maronias
2024-06-21T17:00:00Z,1313,49.016666666666666,20.866666666666667,Curva de Maronias
2024-06-21T18:00:00Z,1264,57.9,20.133333333333333,Curva de Maronias
2024-06-21T19:00:00Z,1248,62.18333333333333,22.116666666666667,Curva de Maronias
2024-06-21T20:00:00Z,1664,56.9,31.933333333333334,Curva de Maronias
2024-06-21T21:00:00Z,1306,54.483333333333334,39.266666666666666,Curva de Maronias
2024-06-21T22:00:00Z,1849,39.6,22.766666666666666,Curva de Maronias
2024-06-21T23:00:00Z,1807,36.083333333333336,15.1,Curva de Maronias
2024-06-22T00:00:00Z,607,31.033333333333335,10.933333333333334,Curva de Maronias
2024-06-22T01:00:00Z,232,22.416666666666668,7.216666666666667,Curva de Maronias
2024-06-22T02:00:00Z,475,21.733333333333334,7.616666666666666,Curva de Maronias
2024-06-22T03:00:00Z,781,15.533333333333333,6.75,Curva de Maronias
2024-06-22T04:00:00Z,1249,26.933333333333334,6.35,Curva de Maronias
2024-06-22T05:00:00Z,2716,33.833333333333336,5.966666666666667,Curva de Maronias
2024-06-22T06:00:00Z,600,57.45,10.866666666666667,Curva de Maronias
2024-06-22T07:00:00Z,1040,51.68333333333333,11.05,Curva de Maronias
2024-06-22T08:00:00Z,654,62.21666666666667,13.666666666666666,Curva de Maronias
2024-06-22T09:00:00Z,839,61.7,16.516666666666666,Curva de Maronias
2024-06-22T10:00:00Z,1029,68.06666666666666,27.983333333333334,Curva de Maronias
2024-06-22T11:00:00Z,1094,58.38333333333333,20.32758620689655,Curva de Maronias
2024-06-22T12:00:00Z,1088,28.566666666666666,9.166666666666666,Curva de Maronias
2024-06-22T13:00:00Z,961,12.066666666666666,8.266666666666667,Curva de Maronias
2024-06-22T14:00:00Z,836,6.533333333333333,7.733333333333333,Curva de Maronias
2024-06-22T15:00:00Z,854,11.233333333333333,8.75,Curva de Maronias
2024-06-22T16:00:00Z,865,16.6,11.933333333333334,Curva de Maronias
2024-06-22T17:00:00Z,884,19.316666666666666,11.616666666666667,Curva de Maronias
2024-06-22T18:00:00Z,1031,19.933333333333334,20.25,Curva de Maronias
2024-06-22T19:00:00Z,1755,26.366666666666667,21.733333333333334,Curva de Maronias
2024-06-22T20:00:00Z,1295,22.05,14.933333333333334,Curva de Maronias
2024-06-22T21:00:00Z,1177,6.233333333333333,7.75,Curva de Maronias
2024-06-22T22:00:00Z,1624,5.5,9.433333333333334,Curva de Maronias
2024-06-22T23:00:00Z,1215,5.2,7.566666666666666,Curva de Maronias
2024-06-23T00:00:00Z,1566,5,5.016666666666667,Curva de Maronias
2024-06-23T01:00:00Z,2871,5,3.283333333333333,Curva de Maronias
2024-06-23T02:00:00Z,776,5,3,Curva de Maronias
2024-06-23T03:00:00Z,116,5,3.033333333333333,Curva de Maronias
2024-06-23T04:00:00Z,360,8.55,3,Curva de Maronias
2024-06-23T05:00:00Z,364,14.116666666666667,3,Curva de Maronias
2024-06-23T06:00:00Z,473,10.5,3,Curva de Maronias
2024-06-23T07:00:00Z,376,9.133333333333333,3,Curva de Maronias
2024-06-23T08:00:00Z,424,17.866666666666667,3,Curva de Maronias
2024-06-23T09:00:00Z,607,13.733333333333333,3,Curva de Maronias
2024-06-23T10:00:00Z,716,13.916666666666666,3,Curva de Maronias
2024-06-23T11:00:00Z,943,6.366666666666666,3,Curva de Maronias
2024-06-23T12:00:00Z,927,8.916666666666666,4.25,Curva de Maronias
2024-06-23T13:00:00Z,911,16.7,10.45,Curva de Maronias
2024-06-23T14:00:00Z,770,18,6.883333333333334,Curva de Maronias
2024-06-23T15:00:00Z,777,16.083333333333332,3.283333333333333,Curva de Maronias
2024-06-23T16:00:00Z,809,26.783333333333335,6.683333333333334,Curva de Maronias
2024-06-23T17:00:00Z,819,40.61666666666667,14.266666666666667,Curva de Maronias
2024-06-23T18:00:00Z,880,52.96666666666667,20.866666666666667,Curva de Maronias
2024-06-23T19:00:00Z,958,51.18333333333333,21.2,Curva de Maronias
2024-06-23T20:00:00Z,765,35.36666666666667,10.633333333333333,Curva de Maronias
2024-06-23T21:00:00Z,588,24.716666666666665,14.55,Curva de Maronias
2024-06-23T22:00:00Z,436,32.1,7.016666666666667,Curva de Maronias
2024-06-23T23:00:00Z,296,26.366666666666667,5.716666666666667,Curva de Maronias
2024-06-24T00:00:00Z,257,24.916666666666668,7.183333333333334,Curva de Maronias
2024-06-24T01:00:00Z,385,8,3.3333333333333335,Curva de Maronias
2024-06-24T02:00:00Z,84,5,3.2,Curva de Maronias
2024-06-24T03:00:00Z,347,6.4,3.15,Curva de Maronias
2024-06-24T04:00:00Z,169,16.916666666666668,6.333333333333333,Curva de Maronias
2024-06-24T05:00:00Z,417,30.466666666666665,3,Curva de Maronias
2024-06-24T06:00:00Z,853,41.333333333333336,3.6333333333333333,Curva de Maronias
2024-06-24T07:00:00Z,1012,39.8,6.316666666666666,Curva de Maronias
2024-06-24T08:00:00Z,1227,50.25,4.183333333333334,Curva de Maronias
2024-06-24T09:00:00Z,1175,41.233333333333334,4.433333333333334,Curva de Maronias
2024-06-24T10:00:00Z,1182,36.21666666666667,4.9,Curva de Maronias
2024-06-24T11:00:00Z,1175,36.43333333333333,5.508474576271187,Curva de Maronias
2024-06-24T12:00:00Z,1150,23.283333333333335,5.9,Curva de Maronias
2024-06-24T13:00:00Z,1092,30.05,6.25,Curva de Maronias
2024-06-24T14:00:00Z,1229,22.116666666666667,4.55,Curva de Maronias
2024-06-24T15:00:00Z,1198,26.283333333333335,4.733333333333333,Curva de Maronias
2024-06-24T16:00:00Z,1218,33.06666666666667,4.8,Curva de Maronias
2024-06-24T17:00:00Z,1340,39.983333333333334,6.016666666666667,Curva de Maronias
2024-06-24T18:00:00Z,1288,54.05,9.25,Curva de Maronias
2024-06-24T19:00:00Z,911,38.13333333333333,8.883333333333333,Curva de Maronias
2024-06-24T20:00:00Z,789,59.733333333333334,11,Curva de Maronias
2024-06-24T21:00:00Z,917,44.666666666666664,7.866666666666666,Curva de Maronias
2024-06-24T22:00:00Z,748,32.416666666666664,5.55,Curva de Maronias
2024-06-24T23:00:00Z,418,8.466666666666667,5.55,Curva de Maronias
2024-06-25T00:00:00Z,457,5.933333333333334,5.166666666666667,Curva de Maronias
2024-06-25T01:00:00Z,1734,5,3.8666666666666667,Curva de Maronias
2024-06-25T02:00:00Z,403,5,3.15,Curva de Maronias
2024-06-25T03:00:00Z,69,5,3.183333333333333,Curva de Maronias
2024-06-25T04:00:00Z,149,29.183333333333334,5.366666666666666,Curva de Maronias
2024-06-25T05:00:00Z,640,22.966666666666665,3.1333333333333333,Curva de Maronias
2024-06-25T06:00:00Z,695,29.683333333333334,4.883333333333334,Curva de Maronias
2024-06-25T07:00:00Z,1022,47.88333333333333,5.15,Curva de Maronias
2024-06-25T08:00:00Z,1198,18.733333333333334,3.6333333333333333,Curva de Maronias
2024-06-25T09:00:00Z,1289,15.566666666666666,3.3,Curva de Maronias
2024-06-25T10:00:00Z,1095,6.833333333333333,3.05,Curva de Maronias
2024-06-25T11:00:00Z,1139,9.533333333333333,3,Curva de Maronias
2024-06-25T12:00:00Z,1062,7.433333333333334,3.1333333333333333,Curva de Maronias
2024-06-25T13:00:00Z,1121,9.8,18.9,Curva de Maronias
2024-06-25T14:00:00Z,1173,6.166666666666667,12.65,Curva de Maronias
2024-06-25T15:00:00Z,1131,10.766666666666667,6.533333333333333,Curva de Maronias
2024-06-25T16:00:00Z,1195,13.283333333333333,6.283333333333333,Curva de Maronias
2024-06-25T17:00:00Z,1300,23.466666666666665,7.9,Curva de Maronias
2024-06-25T18:00:00Z,1279,35.75,19.616666666666667,Curva de Maronias
2024-06-25T19:00:00Z,969,36.233333333333334,32.43333333333333,Curva de Maronias
2024-06-25T20:00:00Z,654,54.46666666666667,47.733333333333334,Curva de Maronias
2024-06-25T21:00:00Z,503,48.016666666666666,72.25,Curva de Maronias
2024-06-25T22:00:00Z,467,58.55,82.13333333333334,Curva de Maronias
2024-06-25T23:00:00Z,374,42.916666666666664,57.1,Curva de Maronias
2024-06-26T00:00:00Z,332,26.383333333333333,21.3,Curva de Maronias
2024-06-26T01:00:00Z,1498,19.716666666666665,17.266666666666666,Curva de Maronias
2024-06-26T02:00:00Z,2966,17.383333333333333,13.716666666666667,Curva de Maronias
2024-06-26T03:00:00Z,254,9.7,10.016666666666667,Curva de Maronias
2024-06-26T04:00:00Z,3929,9.233333333333333,6.55,Curva de Maronias
2024-06-26T05:00:00Z,3069,27.916666666666668,7.85,Curva de Maronias
2024-06-26T06:00:00Z,1855,38.63333333333333,8.333333333333334,Curva de Maronias
2024-06-26T07:00:00Z,1118,58.43333333333333,9.716666666666667,Curva de Maronias
2024-06-26T08:00:00Z,1148,77.66666666666667,14.516666666666667,Curva de Maronias
2024-06-26T09:00:00Z,1192,47.083333333333336,9.516666666666667,Curva de Maronias
2024-06-26T10:00:00Z,1186,37.61666666666667,8.066666666666666,Curva de Maronias
2024-06-26T11:00:00Z,1170,39.083333333333336,8.186440677966102,Curva de Maronias
2024-06-26T12:00:00Z,1130,31.883333333333333,7.183333333333334,Curva de Maronias
2024-06-26T13:00:00Z,1179,33.516666666666666,6.633333333333334,Curva de Maronias
2024-06-26T14:00:00Z,1219,36.68333333333333,7.683333333333334,Curva de Maronias
2024-06-26T15:00:00Z,1180,38.21666666666667,9.066666666666666,Curva de Maronias
2024-06-26T16:00:00Z,1208,40.46666666666667,10.7,Curva de Maronias
2024-06-26T17:00:00Z,1291,56.81666666666667,17.833333333333332,Curva de Maronias
2024-06-26T18:00:00Z,1183,60.61666666666667,23.2,Curva de Maronias
2024-06-26T19:00:00Z,974,47.45,20.116666666666667,Curva de Maronias
2024-06-26T20:00:00Z,833,32.1,21.983333333333334,Curva de Maronias
2024-06-26T21:00:00Z,741,24.666666666666668,18.916666666666668,Curva de Maronias
2024-06-26T22:00:00Z,619,15.933333333333334,14,Curva de Maronias
2024-06-26T23:00:00Z,452,13.166666666666666,11.066666666666666,Curva de Maronias
2024-06-27T00:00:00Z,925,7.8,8.35,Curva de Maronias
2024-06-27T01:00:00Z,104,6.466666666666667,7.55,Curva de Maronias
2024-06-27T02:00:00Z,110,5,4.8,Curva de Maronias
2024-06-27T03:00:00Z,84,5,5.516666666666667,Curva de Maronias
2024-06-27T04:00:00Z,664,6.133333333333334,12.883333333333333,Curva de Maronias
2024-06-27T05:00:00Z,532,13.666666666666666,11.233333333333333,Curva de Maronias
2024-06-27T06:00:00Z,736,24.333333333333332,11.433333333333334,Curva de Maronias
2024-06-27T07:00:00Z,1061,35.766666666666666,8.283333333333333,Curva de Maronias
2024-06-27T08:00:00Z,1160,54.266666666666666,13.216666666666667,Curva de Maronias
2024-06-27T09:00:00Z,1184,43.38333333333333,12,Curva de Maronias
2024-06-27T10:00:00Z,1052,38.11666666666667,11.05,Curva de Maronias
2024-06-27T11:00:00Z,1152,27.25,10.724137931034482,Curva de Maronias
2024-06-27T12:00:00Z,1343,29.816666666666666,11.216666666666667,Curva de Maronias
2024-06-27T13:00:00Z,1125,30.066666666666666,13.666666666666666,Curva de Maronias
2024-06-27T14:00:00Z,1165,35.11666666666667,17.083333333333332,Curva de Maronias
2024-06-27T15:00:00Z,1245,45.35,12.183333333333334,Curva de Maronias
2024-06-27T16:00:00Z,1194,63.71666666666667,19.45,Curva de Maronias
2024-06-27T17:00:00Z,1396,72.48333333333333,23.4,Curva de Maronias
2024-06-27T18:00:00Z,1214,80.86666666666666,44.266666666666666,Curva de Maronias
2024-06-27T19:00:00Z,1049,91.1,71.43333333333334,Curva de Maronias
2024-06-27T20:00:00Z,772,82.01666666666667,74.85,Curva de Maronias
2024-06-27T21:00:00Z,636,70.28333333333333,64.16666666666667,Curva de Maronias
2024-06-27T22:00:00Z,480,54.6,48.983333333333334,Curva de Maronias
2024-06-27T23:00:00Z,319,43.416666666666664,31.083333333333332,Curva de Maronias
2024-06-28T00:00:00Z,292,42.61666666666667,15.85,Curva de Maronias
2024-06-28T01:00:00Z,117,43.333333333333336,14.516666666666667,Curva de Maronias
2024-06-28T02:00:00Z,98,21.766666666666666,11.116666666666667,Curva de Maronias
2024-06-28T03:00:00Z,65,13.733333333333333,4.533333333333333,Curva de Maronias
2024-06-28T04:00:00Z,593,26.266666666666666,3.216666666666667,Curva de Maronias
2024-06-28T05:00:00Z,515,28.5,3,Curva de Maronias
2024-06-28T06:00:00Z,813,34.56666666666667,3.033333333333333,Curva de Maronias
2024-06-28T07:00:00Z,1012,34,3.2,Curva de Maronias
2024-06-28T08:00:00Z,1127,25.3,6.333333333333333,Curva de Maronias
2024-06-28T09:00:00Z,1173,27.05,7.1,Curva de Maronias
2024-06-28T10:00:00Z,1162,21.316666666666666,3.7666666666666666,Curva de Maronias
2024-06-28T11:00:00Z,1197,18.85,3.8813559322033897,Curva de Maronias
2024-06-28T12:00:00Z,995,20.166666666666668,4.966666666666667,Curva de Maronias
2024-06-28T13:00:00Z,1201,19.166666666666668,6.1,Curva de Maronias
2024-06-28T14:00:00Z,1182,24.633333333333333,7.916666666666667,Curva de Maronias
2024-06-28T15:00:00Z,1216,36.083333333333336,3.9,Curva de Maronias
2024-06-28T16:00:00Z,1250,21.45,3.75,Curva de Maronias
2024-06-28T17:00:00Z,1343,32.75,5.633333333333334,Curva de Maronias
2024-06-28T18:00:00Z,1123,28.35,11.1,Curva de Maronias
2024-06-28T19:00:00Z,1096,17.983333333333334,10.416666666666666,Curva de Maronias
2024-06-28T20:00:00Z,927,12.666666666666666,8.833333333333334,Curva de Maronias
2024-06-28T21:00:00Z,854,14.983050847457626,11.916666666666666,Curva de Maronias
2024-06-28T22:00:00Z,693,11.803571428571429,8.383333333333333,Curva de Maronias
2024-06-28T23:00:00Z,493,6.392857142857143,9.066666666666666,Curva de Maronias
2024-06-29T00:00:00Z,1269,5,7.366666666666666,Curva de Maronias
2024-06-29T01:00:00Z,232,5,6.1,Curva de Maronias
2024-06-29T02:00:00Z,183,5.15,4.05,Curva de Maronias
2024-06-29T03:00:00Z,143,9.6,3,Curva de Maronias
2024-06-29T04:00:00Z,258,10.1,3,Curva de Maronias
2024-06-29T05:00:00Z,590,13.266666666666667,3,Curva de Maronias
2024-06-29T06:00:00Z,425,13.266666666666667,3.05,Curva de Maronias
2024-06-29T07:00:00Z,548,16.466666666666665,3,Curva de Maronias
2024-06-29T08:00:00Z,685,18.95,3.533333333333333,Curva de Maronias
2024-06-29T09:00:00Z,975,19.45,4.833333333333333,Curva de Maronias
2024-06-29T10:00:00Z,1179,14.25,4.862068965517241,Curva de Maronias
2024-06-29T11:00:00Z,1217,14.783333333333333,4.766666666666667,Curva de Maronias
2024-06-29T12:00:00Z,1192,11.5,4.45,Curva de Maronias
2024-06-29T13:00:00Z,1050,13.766666666666667,4.766666666666667,Curva de Maronias
2024-06-29T14:00:00Z,961,13.4,4.683333333333334,Curva de Maronias
2024-06-29T15:00:00Z,933,13.7,5.666666666666667,Curva de Maronias
2024-06-29T16:00:00Z,886,17.683333333333334,7.25,Curva de Maronias
2024-06-29T17:00:00Z,935,37.733333333333334,9.05,Curva de Maronias
2024-06-29T18:00:00Z,1196,24.816666666666666,9.283333333333333,Curva de Maronias
2024-06-29T19:00:00Z,1100,9.733333333333333,10.666666666666666,Curva de Maronias
2024-06-29T20:00:00Z,754,7.966666666666667,12.316666666666666,Curva de Maronias
2024-06-29T21:00:00Z,661,10.85,10.833333333333334,Curva de Maronias
2024-06-29T22:00:00Z,648,14.927272727272728,11.166666666666666,Curva de Maronias
2024-06-29T23:00:00Z,458,8.8,7.266666666666667,Curva de Maronias
2024-06-30T00:00:00Z,599,9.693877551020408,4.3,Curva de Maronias
2024-06-30T01:00:00Z,213,9.366666666666667,3,Curva de Maronias
2024-06-30T02:00:00Z,145,7,3.2666666666666666,Curva de Maronias
2024-06-30T03:00:00Z,1875,7.4,3,Curva de Maronias
2024-06-30T04:00:00Z,169,28.516666666666666,4.7,Curva de Maronias
2024-06-30T05:00:00Z,542,49.81666666666667,9.016666666666667,Curva de Maronias
2024-06-30T06:00:00Z,639,55.416666666666664,30.45,Curva de Maronias
2024-06-30T07:00:00Z,823,37.7,24.5,Curva de Maronias
2024-06-30T08:00:00Z,662,30.55,19.5,Curva de Maronias
2024-06-30T09:00:00Z,914,24.433333333333334,18.25,Curva de Maronias
2024-06-30T10:00:00Z,1205,25.466666666666665,13.847457627118644,Curva de Maronias
2024-06-30T11:00:00Z,1334,28.016666666666666,8.716666666666667,Curva de Maronias
2024-06-30T12:00:00Z,1042,19.9,10.883333333333333,Curva de Maronias
2024-06-30T13:00:00Z,1027,15.416666666666666,12.066666666666666,Curva de Maronias
2024-06-30T14:00:00Z,1119,13.25,17.55,Curva de Maronias
2024-06-30T15:00:00Z,1085,17.45762711864407,12.233333333333333,Curva de Maronias
2024-06-30T16:00:00Z,1026,26.233333333333334,8.216666666666667,Curva de Maronias
2024-06-30T17:00:00Z,1006,47.56666666666667,16.266666666666666,Curva de Maronias
2024-06-30T18:00:00Z,1106,52.55,19.3,Curva de Maronias
2024-06-30T19:00:00Z,902,31.5,15.833333333333334,Curva de Maronias
2024-06-30T20:00:00Z,885,25.783333333333335,14.633333333333333,Curva de Maronias
2024-06-30T21:00:00Z,664,17.266666666666666,13.2,Curva de Maronias
2024-06-30T22:00:00Z,681,14.033333333333333,10.883333333333333,Curva de Maronias
2024-06-30T23:00:00Z,364,14.55,9,Curva de Maronias
2024-06-01T00:00:00Z,15218,NA,10.266666666666667,Tres Cruces
2024-06-01T01:00:00Z,12723,NA,3.683333333333333,Tres Cruces
2024-06-01T02:00:00Z,10315,NA,3.6,Tres Cruces
2024-06-01T03:00:00Z,9464,NA,3.316666666666667,Tres Cruces
2024-06-01T04:00:00Z,10380,NA,3.966666666666667,Tres Cruces
2024-06-01T05:00:00Z,11446,NA,3.7,Tres Cruces
2024-06-01T06:00:00Z,12938,NA,4.15,Tres Cruces
2024-06-01T07:00:00Z,13627,NA,6.25,Tres Cruces
2024-06-01T08:00:00Z,19803,NA,9.216666666666667,Tres Cruces
2024-06-01T09:00:00Z,24138,NA,10.383333333333333,Tres Cruces
2024-06-01T10:00:00Z,28394,NA,12.525423728813559,Tres Cruces
2024-06-01T11:00:00Z,33265,NA,15.616666666666667,Tres Cruces
2024-06-01T12:00:00Z,37060,NA,16.2,Tres Cruces
2024-06-01T13:00:00Z,35088,NA,19.5,Tres Cruces
2024-06-01T14:00:00Z,29528,NA,21.783333333333335,Tres Cruces
2024-06-01T15:00:00Z,28187,NA,21.816666666666666,Tres Cruces
2024-06-01T16:00:00Z,26623,NA,27.466666666666665,Tres Cruces
2024-06-01T17:00:00Z,25947,NA,29.75,Tres Cruces
2024-06-01T18:00:00Z,23703,NA,45.18333333333333,Tres Cruces
2024-06-01T19:00:00Z,23387,NA,67.15,Tres Cruces
2024-06-01T20:00:00Z,21976,NA,76.91666666666667,Tres Cruces
2024-06-01T21:00:00Z,20210,NA,72.83333333333333,Tres Cruces
2024-06-01T22:00:00Z,18727,NA,55.516666666666666,Tres Cruces
2024-06-01T23:00:00Z,16079,NA,62.96666666666667,Tres Cruces
2024-06-02T00:00:00Z,14386,NA,43.68333333333333,Tres Cruces
2024-06-02T01:00:00Z,10242,NA,35.03333333333333,Tres Cruces
2024-06-02T02:00:00Z,9208,NA,35.266666666666666,Tres Cruces
2024-06-02T03:00:00Z,8604,NA,57.18333333333333,Tres Cruces
2024-06-02T04:00:00Z,9281,NA,52.733333333333334,Tres Cruces
2024-06-02T05:00:00Z,9928,NA,39.15,Tres Cruces
2024-06-02T06:00:00Z,10036,NA,25.483333333333334,Tres Cruces
2024-06-02T07:00:00Z,10039,NA,17.35,Tres Cruces
2024-06-02T08:00:00Z,7973,NA,15.066666666666666,Tres Cruces
2024-06-02T09:00:00Z,10300,NA,15.05,Tres Cruces
2024-06-02T10:00:00Z,12768,NA,12.948275862068966,Tres Cruces
2024-06-02T11:00:00Z,18321,NA,10.3,Tres Cruces
2024-06-02T12:00:00Z,22746,NA,7.283333333333333,Tres Cruces
2024-06-02T13:00:00Z,22292,NA,8.633333333333333,Tres Cruces
2024-06-02T14:00:00Z,19803,NA,7.966666666666667,Tres Cruces
2024-06-02T15:00:00Z,19510,NA,7.25,Tres Cruces
2024-06-02T16:00:00Z,22541,NA,14.7,Tres Cruces
2024-06-02T17:00:00Z,26426,NA,23.55,Tres Cruces
2024-06-02T18:00:00Z,19428,NA,56.733333333333334,Tres Cruces
2024-06-02T19:00:00Z,17722,NA,72.91666666666667,Tres Cruces
2024-06-02T20:00:00Z,17802,NA,83.6,Tres Cruces
2024-06-02T21:00:00Z,15572,NA,55.88333333333333,Tres Cruces
2024-06-02T22:00:00Z,15234,NA,14.75,Tres Cruces
2024-06-02T23:00:00Z,14759,NA,3.6333333333333333,Tres Cruces
2024-06-03T00:00:00Z,11144,NA,3.2666666666666666,Tres Cruces
2024-06-03T01:00:00Z,7360,NA,3,Tres Cruces
2024-06-03T02:00:00Z,6669,NA,3.1333333333333333,Tres Cruces
2024-06-03T03:00:00Z,5486,NA,3,Tres Cruces
2024-06-03T04:00:00Z,5359,NA,3.1333333333333333,Tres Cruces
2024-06-03T05:00:00Z,9064,NA,3.25,Tres Cruces
2024-06-03T06:00:00Z,15871,NA,4.166666666666667,Tres Cruces
2024-06-03T07:00:00Z,29949,NA,6.033333333333333,Tres Cruces
2024-06-03T08:00:00Z,42585,NA,6.266666666666667,Tres Cruces
2024-06-03T09:00:00Z,39897,NA,8.4,Tres Cruces
2024-06-03T10:00:00Z,37424,NA,8.305084745762711,Tres Cruces
2024-06-03T11:00:00Z,37960,NA,4.95,Tres Cruces
2024-06-03T12:00:00Z,39209,NA,5.683333333333334,Tres Cruces
2024-06-03T13:00:00Z,39047,NA,5.183333333333334,Tres Cruces
2024-06-03T14:00:00Z,39382,NA,4.866666666666666,Tres Cruces
2024-06-03T15:00:00Z,41297,NA,5.483333333333333,Tres Cruces
2024-06-03T16:00:00Z,43931,NA,7.25,Tres Cruces
2024-06-03T17:00:00Z,47149,NA,6.883333333333334,Tres Cruces
2024-06-03T18:00:00Z,37042,NA,8.516666666666667,Tres Cruces
2024-06-03T19:00:00Z,31035,NA,9.933333333333334,Tres Cruces
2024-06-03T20:00:00Z,25685,NA,16.083333333333332,Tres Cruces
2024-06-03T21:00:00Z,21930,NA,9.1,Tres Cruces
2024-06-03T22:00:00Z,17923,NA,7.966666666666667,Tres Cruces
2024-06-03T23:00:00Z,13734,NA,11.833333333333334,Tres Cruces
2024-06-04T00:00:00Z,10513,NA,10.35,Tres Cruces
2024-06-04T01:00:00Z,5876,NA,11.616666666666667,Tres Cruces
2024-06-04T02:00:00Z,2323,NA,7.283333333333333,Tres Cruces
2024-06-04T03:00:00Z,1769,NA,13.9,Tres Cruces
2024-06-04T04:00:00Z,3511,NA,22.7,Tres Cruces
2024-06-04T05:00:00Z,7747,NA,14.05,Tres Cruces
2024-06-04T06:00:00Z,13892,NA,13.233333333333333,Tres Cruces
2024-06-04T07:00:00Z,29732,NA,15.733333333333333,Tres Cruces
2024-06-04T08:00:00Z,44232,NA,14.883333333333333,Tres Cruces
2024-06-04T09:00:00Z,41236,NA,19.116666666666667,Tres Cruces
2024-06-04T10:00:00Z,38570,NA,20.5,Tres Cruces
2024-06-04T11:00:00Z,38372,NA,15.683333333333334,Tres Cruces
2024-06-04T12:00:00Z,40780,NA,15.066666666666666,Tres Cruces
2024-06-04T13:00:00Z,39082,NA,13.8,Tres Cruces
2024-06-04T14:00:00Z,39177,NA,12.666666666666666,Tres Cruces
2024-06-04T15:00:00Z,41663,55.30769230769231,11.283333333333333,Tres Cruces
2024-06-04T16:00:00Z,43884,51.78333333333333,11.033333333333333,Tres Cruces
2024-06-04T17:00:00Z,47713,58.833333333333336,12.133333333333333,Tres Cruces
2024-06-04T18:00:00Z,36033,65.28333333333333,23.716666666666665,Tres Cruces
2024-06-04T19:00:00Z,29448,58,33.416666666666664,Tres Cruces
2024-06-04T20:00:00Z,23986,52.483333333333334,60,Tres Cruces
2024-06-04T21:00:00Z,20805,54.4,79.15,Tres Cruces
2024-06-04T22:00:00Z,15587,32.71666666666667,21.316666666666666,Tres Cruces
2024-06-04T23:00:00Z,13635,32.45,20.816666666666666,Tres Cruces
2024-06-05T00:00:00Z,12204,25.033333333333335,17.2,Tres Cruces
2024-06-05T01:00:00Z,8479,20.166666666666668,14.483333333333333,Tres Cruces
2024-06-05T02:00:00Z,8928,10.433333333333334,10.016666666666667,Tres Cruces
2024-06-05T03:00:00Z,6513,9.6,6.416666666666667,Tres Cruces
2024-06-05T04:00:00Z,5303,21.366666666666667,7.85,Tres Cruces
2024-06-05T05:00:00Z,9771,34.55,8.05,Tres Cruces
2024-06-05T06:00:00Z,14187,38.85,11.166666666666666,Tres Cruces
2024-06-05T07:00:00Z,29848,30.4,16.65,Tres Cruces
2024-06-05T08:00:00Z,43057,58.63333333333333,18.916666666666668,Tres Cruces
2024-06-05T09:00:00Z,40315,57.6,16.016666666666666,Tres Cruces
2024-06-05T10:00:00Z,37711,44.78333333333333,13.915254237288135,Tres Cruces
2024-06-05T11:00:00Z,37088,36.43333333333333,16.4,Tres Cruces
2024-06-05T12:00:00Z,39926,42.03333333333333,12.183333333333334,Tres Cruces
2024-06-05T13:00:00Z,39636,51.81666666666667,13.35,Tres Cruces
2024-06-05T14:00:00Z,40204,41.28333333333333,12.5,Tres Cruces
2024-06-05T15:00:00Z,41808,40.833333333333336,12.066666666666666,Tres Cruces
2024-06-05T16:00:00Z,43223,47.35,14.3,Tres Cruces
2024-06-05T17:00:00Z,46540,43.45,20.633333333333333,Tres Cruces
2024-06-05T18:00:00Z,35326,48.35,22.666666666666668,Tres Cruces
2024-06-05T19:00:00Z,29179,39.21666666666667,26.966666666666665,Tres Cruces
2024-06-05T20:00:00Z,25540,34.2,24.566666666666666,Tres Cruces
2024-06-05T21:00:00Z,21720,32.416666666666664,25.416666666666668,Tres Cruces
2024-06-05T22:00:00Z,18491,28.416666666666668,24.183333333333334,Tres Cruces
2024-06-05T23:00:00Z,15218,36.266666666666666,18.216666666666665,Tres Cruces
2024-06-06T00:00:00Z,14340,23.333333333333332,19.2,Tres Cruces
2024-06-06T01:00:00Z,10633,13.3,10.366666666666667,Tres Cruces
2024-06-06T02:00:00Z,8534,7.766666666666667,8.85,Tres Cruces
2024-06-06T03:00:00Z,8173,6.566666666666666,9.433333333333334,Tres Cruces
2024-06-06T04:00:00Z,7087,10.7,10.883333333333333,Tres Cruces
2024-06-06T05:00:00Z,9923,13.266666666666667,11.016666666666667,Tres Cruces
2024-06-06T06:00:00Z,15266,23.666666666666668,15.866666666666667,Tres Cruces
2024-06-06T07:00:00Z,29303,31.266666666666666,19.166666666666668,Tres Cruces
2024-06-06T08:00:00Z,42970,38.15,21.183333333333334,Tres Cruces
2024-06-06T09:00:00Z,39404,37.666666666666664,19.95,Tres Cruces
2024-06-06T10:00:00Z,36035,35.266666666666666,20.655172413793103,Tres Cruces
2024-06-06T11:00:00Z,36542,46.05,25.2,Tres Cruces
2024-06-06T12:00:00Z,40191,43.833333333333336,25.833333333333332,Tres Cruces
2024-06-06T13:00:00Z,38478,51.95,30.316666666666666,Tres Cruces
2024-06-06T14:00:00Z,38332,53.833333333333336,29.85,Tres Cruces
2024-06-06T15:00:00Z,41378,60.03333333333333,31.216666666666665,Tres Cruces
2024-06-06T16:00:00Z,43181,60.8,30.7,Tres Cruces
2024-06-06T17:00:00Z,46853,NA,31.816666666666666,Tres Cruces
2024-06-06T18:00:00Z,35299,NA,36.25,Tres Cruces
2024-06-06T19:00:00Z,30033,NA,48.85,Tres Cruces
2024-06-06T20:00:00Z,25285,NA,61,Tres Cruces
2024-06-06T21:00:00Z,22042,NA,90.15,Tres Cruces
2024-06-06T22:00:00Z,19173,NA,66.41666666666667,Tres Cruces
2024-06-06T23:00:00Z,15699,NA,62.8,Tres Cruces
2024-06-07T00:00:00Z,12488,NA,63.266666666666666,Tres Cruces
2024-06-07T01:00:00Z,8239,NA,52.083333333333336,Tres Cruces
2024-06-07T02:00:00Z,8242,NA,49.43333333333333,Tres Cruces
2024-06-07T03:00:00Z,7676,NA,47.083333333333336,Tres Cruces
2024-06-07T04:00:00Z,7622,NA,47.36666666666667,Tres Cruces
2024-06-07T05:00:00Z,11078,NA,106,Tres Cruces
2024-06-07T06:00:00Z,16311,NA,97.6,Tres Cruces
2024-06-07T07:00:00Z,29316,NA,56.68333333333333,Tres Cruces
2024-06-07T08:00:00Z,42959,NA,58.766666666666666,Tres Cruces
2024-06-07T09:00:00Z,41206,70.71428571428571,68.10714285714286,Tres Cruces
2024-06-07T10:00:00Z,38791,60.88333333333333,47.81666666666667,Tres Cruces
2024-06-07T11:00:00Z,39807,71.33333333333333,35.9,Tres Cruces
2024-06-07T12:00:00Z,41251,64.56666666666666,32.6,Tres Cruces
2024-06-07T13:00:00Z,40995,59.166666666666664,25.683333333333334,Tres Cruces
2024-06-07T14:00:00Z,42143,67.36666666666666,25.85,Tres Cruces
2024-06-07T15:00:00Z,42805,57.21666666666667,22.933333333333334,Tres Cruces
2024-06-07T16:00:00Z,44169,73.48333333333333,28.033333333333335,Tres Cruces
2024-06-07T17:00:00Z,44381,76,36.45,Tres Cruces
2024-06-07T18:00:00Z,35063,62.93333333333333,38.78333333333333,Tres Cruces
2024-06-07T19:00:00Z,30323,59.46666666666667,42.28333333333333,Tres Cruces
2024-06-07T20:00:00Z,27986,54.71666666666667,47.266666666666666,Tres Cruces
2024-06-07T21:00:00Z,24206,44.86666666666667,50.2,Tres Cruces
2024-06-07T22:00:00Z,20265,25.466666666666665,47.38333333333333,Tres Cruces
2024-06-07T23:00:00Z,17263,18.366666666666667,34.71666666666667,Tres Cruces
2024-06-08T00:00:00Z,14623,10.833333333333334,28.166666666666668,Tres Cruces
2024-06-08T01:00:00Z,10545,7.72,22.116666666666667,Tres Cruces
2024-06-08T02:00:00Z,10113,6.782608695652174,22.316666666666666,Tres Cruces
2024-06-08T03:00:00Z,9773,5.526315789473684,23.066666666666666,Tres Cruces
2024-06-08T04:00:00Z,8539,7.7105263157894735,40.25,Tres Cruces
2024-06-08T05:00:00Z,10644,7.05,36.766666666666666,Tres Cruces
2024-06-08T06:00:00Z,11323,11.571428571428571,29.4,Tres Cruces
2024-06-08T07:00:00Z,12488,10.208333333333334,24.85,Tres Cruces
2024-06-08T08:00:00Z,19922,7.880952380952381,21.316666666666666,Tres Cruces
2024-06-08T09:00:00Z,24261,17.31578947368421,22.224137931034484,Tres Cruces
2024-06-08T10:00:00Z,29378,32.644067796610166,15.983333333333333,Tres Cruces
2024-06-08T11:00:00Z,34470,26.716666666666665,15.716666666666667,Tres Cruces
2024-06-08T12:00:00Z,38218,45.2,14.233333333333333,Tres Cruces
2024-06-08T13:00:00Z,34720,41.333333333333336,13.616666666666667,Tres Cruces
2024-06-08T14:00:00Z,29922,48.583333333333336,11.966666666666667,Tres Cruces
2024-06-08T15:00:00Z,29812,60.583333333333336,12.383333333333333,Tres Cruces
2024-06-08T16:00:00Z,31074,60.63333333333333,14.65,Tres Cruces
2024-06-08T17:00:00Z,31807,70.11666666666666,41.266666666666666,Tres Cruces
2024-06-08T18:00:00Z,24834,55.016666666666666,42.3,Tres Cruces
2024-06-08T19:00:00Z,23500,37.90909090909091,27.883333333333333,Tres Cruces
2024-06-08T20:00:00Z,24325,19.071428571428573,21.516666666666666,Tres Cruces
2024-06-08T21:00:00Z,20424,16.826923076923077,20.383333333333333,Tres Cruces
2024-06-08T22:00:00Z,19429,22.44,18.2,Tres Cruces
2024-06-08T23:00:00Z,17780,24.3125,14.45,Tres Cruces
2024-06-09T00:00:00Z,16056,27.224489795918366,12.55,Tres Cruces
2024-06-09T01:00:00Z,12572,28.06122448979592,9.85,Tres Cruces
2024-06-09T02:00:00Z,10082,17.295454545454547,8.266666666666667,Tres Cruces
2024-06-09T03:00:00Z,9275,17.977777777777778,10.633333333333333,Tres Cruces
2024-06-09T04:00:00Z,9977,24.2,8.2,Tres Cruces
2024-06-09T05:00:00Z,10126,24.106382978723403,10.216666666666667,Tres Cruces
2024-06-09T06:00:00Z,11504,29.529411764705884,9.766666666666667,Tres Cruces
2024-06-09T07:00:00Z,10841,10.316666666666666,9.966666666666667,Tres Cruces
2024-06-09T08:00:00Z,8894,35.833333333333336,11.633333333333333,Tres Cruces
2024-06-09T09:00:00Z,11516,19.76595744680851,12.10344827586207,Tres Cruces
2024-06-09T10:00:00Z,15102,18.593220338983052,9.033333333333333,Tres Cruces
2024-06-09T11:00:00Z,20622,24,9.3,Tres Cruces
2024-06-09T12:00:00Z,25822,21.416666666666668,11.55,Tres Cruces
2024-06-09T13:00:00Z,24583,31.333333333333332,11.233333333333333,Tres Cruces
2024-06-09T14:00:00Z,21561,37.2,13.766666666666667,Tres Cruces
2024-06-09T15:00:00Z,23696,44.86666666666667,14.583333333333334,Tres Cruces
2024-06-09T16:00:00Z,27762,74.71666666666667,20.966666666666665,Tres Cruces
2024-06-09T17:00:00Z,31786,77.9,25.066666666666666,Tres Cruces
2024-06-09T18:00:00Z,24016,86.8,27.716666666666665,Tres Cruces
2024-06-09T19:00:00Z,21509,63.3,26.966666666666665,Tres Cruces
2024-06-09T20:00:00Z,21406,53.766666666666666,28.75,Tres Cruces
2024-06-09T21:00:00Z,17531,50.28333333333333,27.3,Tres Cruces
2024-06-09T22:00:00Z,14755,35.5,25.15,Tres Cruces
2024-06-09T23:00:00Z,13504,18.310344827586206,18.15,Tres Cruces
2024-06-10T00:00:00Z,10668,8.932203389830509,5.633333333333334,Tres Cruces
2024-06-10T01:00:00Z,8947,8.166666666666666,3,Tres Cruces
2024-06-10T02:00:00Z,5966,5.766666666666667,3,Tres Cruces
2024-06-10T03:00:00Z,6162,5.833333333333333,3,Tres Cruces
2024-06-10T04:00:00Z,6972,8.133333333333333,3.15,Tres Cruces
2024-06-10T05:00:00Z,11230,22.183333333333334,3.7,Tres Cruces
2024-06-10T06:00:00Z,16524,34.75,5.4,Tres Cruces
2024-06-10T07:00:00Z,30533,45.333333333333336,8.233333333333333,Tres Cruces
2024-06-10T08:00:00Z,42952,43.71666666666667,10.183333333333334,Tres Cruces
2024-06-10T09:00:00Z,41132,55.03333333333333,11.915254237288135,Tres Cruces
2024-06-10T10:00:00Z,37074,34.916666666666664,11.833333333333334,Tres Cruces
2024-06-10T11:00:00Z,37656,25.666666666666668,16.833333333333332,Tres Cruces
2024-06-10T12:00:00Z,40738,34.4,15.216666666666667,Tres Cruces
2024-06-10T13:00:00Z,38651,39.766666666666666,11.816666666666666,Tres Cruces
2024-06-10T14:00:00Z,38760,35.65,13.216666666666667,Tres Cruces
2024-06-10T15:00:00Z,40900,29.133333333333333,13.133333333333333,Tres Cruces
2024-06-10T16:00:00Z,42338,41.93333333333333,15.733333333333333,Tres Cruces
2024-06-10T17:00:00Z,46111,49.15,18.266666666666666,Tres Cruces
2024-06-10T18:00:00Z,35204,46.7,16.666666666666668,Tres Cruces
2024-06-10T19:00:00Z,30916,36.11666666666667,13.4,Tres Cruces
2024-06-10T20:00:00Z,25424,33.38333333333333,14.3,Tres Cruces
2024-06-10T21:00:00Z,21755,35.666666666666664,17.933333333333334,Tres Cruces
2024-06-10T22:00:00Z,17575,37.516666666666666,26.25,Tres Cruces
2024-06-10T23:00:00Z,14484,37.78333333333333,29.366666666666667,Tres Cruces
2024-06-11T00:00:00Z,9508,32.083333333333336,35.95,Tres Cruces
2024-06-11T01:00:00Z,7421,21,33.28333333333333,Tres Cruces
2024-06-11T02:00:00Z,8582,12.7,21.066666666666666,Tres Cruces
2024-06-11T03:00:00Z,9175,10.166666666666666,15.783333333333333,Tres Cruces
2024-06-11T04:00:00Z,7901,7.266666666666667,10.9,Tres Cruces
2024-06-11T05:00:00Z,10493,23.233333333333334,12.116666666666667,Tres Cruces
2024-06-11T06:00:00Z,15533,38.233333333333334,16.4,Tres Cruces
2024-06-11T07:00:00Z,27209,37.03333333333333,12.5,Tres Cruces
2024-06-11T08:00:00Z,42144,41.81666666666667,14.133333333333333,Tres Cruces
2024-06-11T09:00:00Z,40505,44.88333333333333,18.03448275862069,Tres Cruces
2024-06-11T10:00:00Z,37882,40.8,17.766666666666666,Tres Cruces
2024-06-11T11:00:00Z,38521,45.13333333333333,16.7,Tres Cruces
2024-06-11T12:00:00Z,40696,32.7,14.85,Tres Cruces
2024-06-11T13:00:00Z,39168,40.56666666666667,18.766666666666666,Tres Cruces
2024-06-11T14:00:00Z,39252,48.11666666666667,17.75,Tres Cruces
2024-06-11T15:00:00Z,40299,48.21666666666667,14.75,Tres Cruces
2024-06-11T16:00:00Z,43982,52.233333333333334,15.416666666666666,Tres Cruces
2024-06-11T17:00:00Z,47553,52.2,15.966666666666667,Tres Cruces
2024-06-11T18:00:00Z,37204,47.983333333333334,19.05,Tres Cruces
2024-06-11T19:00:00Z,31439,33.95,10.666666666666666,Tres Cruces
2024-06-11T20:00:00Z,26209,29.416666666666668,10.983333333333333,Tres Cruces
2024-06-11T21:00:00Z,21928,23.75,10.916666666666666,Tres Cruces
2024-06-11T22:00:00Z,16879,24.3,9.016666666666667,Tres Cruces
2024-06-11T23:00:00Z,14521,22.416666666666668,9.433333333333334,Tres Cruces
2024-06-12T00:00:00Z,11671,17.9,9.583333333333334,Tres Cruces
2024-06-12T01:00:00Z,11069,6.814814814814815,8.25,Tres Cruces
2024-06-12T02:00:00Z,8144,5.244897959183674,7.1,Tres Cruces
2024-06-12T03:00:00Z,9954,5.7368421052631575,8.166666666666666,Tres Cruces
2024-06-12T04:00:00Z,8357,5,7.766666666666667,Tres Cruces
2024-06-12T05:00:00Z,9505,9.411764705882353,10.25,Tres Cruces
2024-06-12T06:00:00Z,14912,15.666666666666666,13.433333333333334,Tres Cruces
2024-06-12T07:00:00Z,29567,29.283333333333335,20.65,Tres Cruces
2024-06-12T08:00:00Z,43390,32.38333333333333,23.45,Tres Cruces
2024-06-12T09:00:00Z,40312,26.416666666666668,23.423728813559322,Tres Cruces
2024-06-12T10:00:00Z,37804,40.016666666666666,29.633333333333333,Tres Cruces
2024-06-12T11:00:00Z,37492,39.95,36.11666666666667,Tres Cruces
2024-06-12T12:00:00Z,39789,34.416666666666664,35.233333333333334,Tres Cruces
2024-06-12T13:00:00Z,39726,45.5,35.2,Tres Cruces
2024-06-12T14:00:00Z,39922,36.983333333333334,39.833333333333336,Tres Cruces
2024-06-12T15:00:00Z,40571,53,35.2,Tres Cruces
2024-06-12T16:00:00Z,43168,50.53333333333333,39.416666666666664,Tres Cruces
2024-06-12T17:00:00Z,45642,47.271186440677965,48,Tres Cruces
2024-06-12T18:00:00Z,34426,44.16,53.666666666666664,Tres Cruces
2024-06-12T19:00:00Z,30278,57.96296296296296,54.9,Tres Cruces
2024-06-12T20:00:00Z,26304,48.94642857142857,42.11666666666667,Tres Cruces
2024-06-12T21:00:00Z,22309,44.517857142857146,24.75,Tres Cruces
2024-06-12T22:00:00Z,17457,39.186440677966104,14.8,Tres Cruces
2024-06-12T23:00:00Z,14985,39.067796610169495,12.6,Tres Cruces
2024-06-13T00:00:00Z,11972,28.266666666666666,10.216666666666667,Tres Cruces
2024-06-13T01:00:00Z,5854,22.406779661016948,12.983333333333333,Tres Cruces
2024-06-13T02:00:00Z,7548,24.82758620689655,25.95,Tres Cruces
2024-06-13T03:00:00Z,9817,17.385964912280702,24.95,Tres Cruces
2024-06-13T04:00:00Z,8419,17.949152542372882,23.133333333333333,Tres Cruces
2024-06-13T05:00:00Z,10519,31.203389830508474,14.9,Tres Cruces
2024-06-13T06:00:00Z,15795,40.983333333333334,12.333333333333334,Tres Cruces
2024-06-13T07:00:00Z,30583,45.45,12.9,Tres Cruces
2024-06-13T08:00:00Z,45657,47.35,13.033333333333333,Tres Cruces
2024-06-13T09:00:00Z,42749,45.35,12.775862068965518,Tres Cruces
2024-06-13T10:00:00Z,39407,58.916666666666664,16.583333333333332,Tres Cruces
2024-06-13T11:00:00Z,39350,48.13333333333333,12.516666666666667,Tres Cruces
2024-06-13T12:00:00Z,41558,49.46666666666667,12.516666666666667,Tres Cruces
2024-06-13T13:00:00Z,41137,55.1,13.516666666666667,Tres Cruces
2024-06-13T14:00:00Z,41630,45.86666666666667,14.916666666666666,Tres Cruces
2024-06-13T15:00:00Z,43060,54.233333333333334,14.233333333333333,Tres Cruces
2024-06-13T16:00:00Z,46087,56.75,14.533333333333333,Tres Cruces
2024-06-13T17:00:00Z,48789,66.71666666666667,14.583333333333334,Tres Cruces
2024-06-13T18:00:00Z,38330,58.516666666666666,15.4,Tres Cruces
2024-06-13T19:00:00Z,33050,57.666666666666664,18.283333333333335,Tres Cruces
2024-06-13T20:00:00Z,29615,53.8,12.133333333333333,Tres Cruces
2024-06-13T21:00:00Z,24488,47.35,14.3,Tres Cruces
2024-06-13T22:00:00Z,20318,41.35,15.2,Tres Cruces
2024-06-13T23:00:00Z,16665,39.65,16.4,Tres Cruces
2024-06-14T00:00:00Z,13341,42.78333333333333,14.816666666666666,Tres Cruces
2024-06-14T01:00:00Z,7081,29.7,15.433333333333334,Tres Cruces
2024-06-14T02:00:00Z,5073,30.283333333333335,17.716666666666665,Tres Cruces
2024-06-14T03:00:00Z,4661,25.133333333333333,20.766666666666666,Tres Cruces
2024-06-14T04:00:00Z,5827,31.666666666666668,23.783333333333335,Tres Cruces
2024-06-14T05:00:00Z,9890,43.38333333333333,27.733333333333334,Tres Cruces
2024-06-14T06:00:00Z,15486,64.26666666666667,32.36666666666667,Tres Cruces
2024-06-14T07:00:00Z,29374,62.25,32.15,Tres Cruces
2024-06-14T08:00:00Z,43360,54.733333333333334,26.583333333333332,Tres Cruces
2024-06-14T09:00:00Z,40937,39.46666666666667,19.677966101694917,Tres Cruces
2024-06-14T10:00:00Z,38067,29.566666666666666,21.35,Tres Cruces
2024-06-14T11:00:00Z,38530,22.483333333333334,16.85,Tres Cruces
2024-06-14T12:00:00Z,41391,35.9,12.016666666666667,Tres Cruces
2024-06-14T13:00:00Z,41027,53.31666666666667,13.666666666666666,Tres Cruces
2024-06-14T14:00:00Z,41458,41.983333333333334,10.65,Tres Cruces
2024-06-14T15:00:00Z,42434,49.6,9.433333333333334,Tres Cruces
2024-06-14T16:00:00Z,45900,55.6,10.9,Tres Cruces
2024-06-14T17:00:00Z,45435,62.36666666666667,11.516666666666667,Tres Cruces
2024-06-14T18:00:00Z,34794,69.16666666666667,22.55,Tres Cruces
2024-06-14T19:00:00Z,29992,60,19.416666666666668,Tres Cruces
2024-06-14T20:00:00Z,27029,58.516666666666666,19.75,Tres Cruces
2024-06-14T21:00:00Z,22588,62.88333333333333,46.28333333333333,Tres Cruces
2024-06-14T22:00:00Z,18875,63.233333333333334,75.71666666666667,Tres Cruces
2024-06-14T23:00:00Z,17270,55.36666666666667,74.8,Tres Cruces
2024-06-15T00:00:00Z,16742,51.25,59.3,Tres Cruces
2024-06-15T01:00:00Z,14105,43.13333333333333,44,Tres Cruces
2024-06-15T02:00:00Z,11644,38.1,34.61666666666667,Tres Cruces
2024-06-15T03:00:00Z,7969,32.833333333333336,36.63333333333333,Tres Cruces
2024-06-15T04:00:00Z,9899,29.066666666666666,40.43333333333333,Tres Cruces
2024-06-15T05:00:00Z,14163,36.78333333333333,36.233333333333334,Tres Cruces
2024-06-15T06:00:00Z,16318,39.68333333333333,22.15,Tres Cruces
2024-06-15T07:00:00Z,14186,50.483333333333334,19.166666666666668,Tres Cruces
2024-06-15T08:00:00Z,18451,44.61666666666667,8.683333333333334,Tres Cruces
2024-06-15T09:00:00Z,23933,30.433333333333334,8.224137931034482,Tres Cruces
2024-06-15T10:00:00Z,29464,20.083333333333332,3.6666666666666665,Tres Cruces
2024-06-15T11:00:00Z,34709,32.81666666666667,4.633333333333334,Tres Cruces
2024-06-15T12:00:00Z,38917,44.25,4.916666666666667,Tres Cruces
2024-06-15T13:00:00Z,33485,41.1,5.916666666666667,Tres Cruces
2024-06-15T14:00:00Z,29364,33.03333333333333,7.083333333333333,Tres Cruces
2024-06-15T15:00:00Z,29065,26.45,3.6333333333333333,Tres Cruces
2024-06-15T16:00:00Z,30929,45.2,6.416666666666667,Tres Cruces
2024-06-15T17:00:00Z,32046,26.716666666666665,8.283333333333333,Tres Cruces
2024-06-15T18:00:00Z,25101,41.333333333333336,19.4,Tres Cruces
2024-06-15T19:00:00Z,23903,40.15,31.783333333333335,Tres Cruces
2024-06-15T20:00:00Z,24325,42,37.86666666666667,Tres Cruces
2024-06-15T21:00:00Z,21752,54.983333333333334,47.56666666666667,Tres Cruces
2024-06-15T22:00:00Z,18258,57.15,46.78333333333333,Tres Cruces
2024-06-15T23:00:00Z,18132,52.733333333333334,33.666666666666664,Tres Cruces
2024-06-16T00:00:00Z,18588,61.71666666666667,30.466666666666665,Tres Cruces
2024-06-16T01:00:00Z,15794,49.06666666666667,27.433333333333334,Tres Cruces
2024-06-16T02:00:00Z,13749,55.68333333333333,19.716666666666665,Tres Cruces
2024-06-16T03:00:00Z,12192,59.28333333333333,23.283333333333335,Tres Cruces
2024-06-16T04:00:00Z,10135,63.46666666666667,23.966666666666665,Tres Cruces
2024-06-16T05:00:00Z,13388,67.83333333333333,28.85,Tres Cruces
2024-06-16T06:00:00Z,12283,54.86666666666667,28.3,Tres Cruces
2024-06-16T07:00:00Z,10241,49.75,21.466666666666665,Tres Cruces
2024-06-16T08:00:00Z,8606,39.1,25.766666666666666,Tres Cruces
2024-06-16T09:00:00Z,11085,32.61666666666667,23.275862068965516,Tres Cruces
2024-06-16T10:00:00Z,14938,24.216666666666665,10.4,Tres Cruces
2024-06-16T11:00:00Z,20996,18.466666666666665,3.1666666666666665,Tres Cruces
2024-06-16T12:00:00Z,25672,18.283333333333335,4.533333333333333,Tres Cruces
2024-06-16T13:00:00Z,25164,33.75,15.6,Tres Cruces
2024-06-16T14:00:00Z,21644,37.43333333333333,20.216666666666665,Tres Cruces
2024-06-16T15:00:00Z,22641,32.3,16.45,Tres Cruces
2024-06-16T16:00:00Z,26431,26.35,13.6,Tres Cruces
2024-06-16T17:00:00Z,27544,24.233333333333334,11.233333333333333,Tres Cruces
2024-06-16T18:00:00Z,21952,44.86666666666667,19.633333333333333,Tres Cruces
2024-06-16T19:00:00Z,20575,29.316666666666666,10.8,Tres Cruces
2024-06-16T20:00:00Z,21181,23.033333333333335,8.35,Tres Cruces
2024-06-16T21:00:00Z,20086,26.733333333333334,7.8,Tres Cruces
2024-06-16T22:00:00Z,16856,30.133333333333333,10.6,Tres Cruces
2024-06-16T23:00:00Z,16802,29.616666666666667,11.583333333333334,Tres Cruces
2024-06-17T00:00:00Z,12023,29.2,15.583333333333334,Tres Cruces
2024-06-17T01:00:00Z,9049,25.233333333333334,11.133333333333333,Tres Cruces
2024-06-17T02:00:00Z,6536,14.4,6.583333333333333,Tres Cruces
2024-06-17T03:00:00Z,8189,17.15,7.75,Tres Cruces
2024-06-17T04:00:00Z,8816,28.566666666666666,7.883333333333334,Tres Cruces
2024-06-17T05:00:00Z,13266,48.983333333333334,9.633333333333333,Tres Cruces
2024-06-17T06:00:00Z,18362,63.266666666666666,11.816666666666666,Tres Cruces
2024-06-17T07:00:00Z,29719,62.516666666666666,13.466666666666667,Tres Cruces
2024-06-17T08:00:00Z,42206,61.2,18.666666666666668,Tres Cruces
2024-06-17T09:00:00Z,40453,64.58823529411765,16.733333333333334,Tres Cruces
2024-06-17T10:00:00Z,37686,NA,NA,Tres Cruces
2024-06-17T11:00:00Z,38489,NA,NA,Tres Cruces
2024-06-17T12:00:00Z,40946,NA,NA,Tres Cruces
2024-06-17T13:00:00Z,39103,NA,NA,Tres Cruces
2024-06-17T14:00:00Z,39136,NA,NA,Tres Cruces
2024-06-17T15:00:00Z,40812,NA,NA,Tres Cruces
2024-06-17T16:00:00Z,43712,NA,NA,Tres Cruces
2024-06-17T17:00:00Z,46671,NA,NA,Tres Cruces
2024-06-17T18:00:00Z,35772,NA,NA,Tres Cruces
2024-06-17T19:00:00Z,31122,NA,NA,Tres Cruces
2024-06-17T20:00:00Z,26339,NA,NA,Tres Cruces
2024-06-17T21:00:00Z,23311,NA,NA,Tres Cruces
2024-06-17T22:00:00Z,17598,NA,NA,Tres Cruces
2024-06-17T23:00:00Z,13610,NA,NA,Tres Cruces
2024-06-18T00:00:00Z,12806,NA,NA,Tres Cruces
2024-06-18T01:00:00Z,10610,NA,NA,Tres Cruces
2024-06-18T02:00:00Z,9495,NA,NA,Tres Cruces
2024-06-18T03:00:00Z,9900,NA,NA,Tres Cruces
2024-06-18T04:00:00Z,10519,NA,NA,Tres Cruces
2024-06-18T05:00:00Z,10553,NA,NA,Tres Cruces
2024-06-18T06:00:00Z,16080,NA,NA,Tres Cruces
2024-06-18T07:00:00Z,29549,NA,NA,Tres Cruces
2024-06-18T08:00:00Z,43972,NA,NA,Tres Cruces
2024-06-18T09:00:00Z,42181,NA,NA,Tres Cruces
2024-06-18T10:00:00Z,38829,NA,NA,Tres Cruces
2024-06-18T11:00:00Z,39259,NA,NA,Tres Cruces
2024-06-18T12:00:00Z,40623,NA,NA,Tres Cruces
2024-06-18T13:00:00Z,40235,NA,NA,Tres Cruces
2024-06-18T14:00:00Z,40456,NA,NA,Tres Cruces
2024-06-18T15:00:00Z,42619,NA,NA,Tres Cruces
2024-06-18T16:00:00Z,46931,NA,NA,Tres Cruces
2024-06-18T17:00:00Z,49327,NA,NA,Tres Cruces
2024-06-18T18:00:00Z,37233,NA,NA,Tres Cruces
2024-06-18T19:00:00Z,32066,NA,NA,Tres Cruces
2024-06-18T20:00:00Z,27291,NA,NA,Tres Cruces
2024-06-18T21:00:00Z,22166,NA,NA,Tres Cruces
2024-06-18T22:00:00Z,17263,NA,NA,Tres Cruces
2024-06-18T23:00:00Z,13982,NA,NA,Tres Cruces
2024-06-19T00:00:00Z,13188,NA,NA,Tres Cruces
2024-06-19T01:00:00Z,10910,NA,NA,Tres Cruces
2024-06-19T02:00:00Z,7980,NA,NA,Tres Cruces
2024-06-19T03:00:00Z,6766,NA,NA,Tres Cruces
2024-06-19T04:00:00Z,6513,NA,NA,Tres Cruces
2024-06-19T05:00:00Z,9093,NA,NA,Tres Cruces
2024-06-19T06:00:00Z,12762,NA,NA,Tres Cruces
2024-06-19T07:00:00Z,17929,NA,NA,Tres Cruces
2024-06-19T08:00:00Z,26253,NA,NA,Tres Cruces
2024-06-19T09:00:00Z,30527,NA,NA,Tres Cruces
2024-06-19T10:00:00Z,33364,NA,NA,Tres Cruces
2024-06-19T11:00:00Z,36634,NA,NA,Tres Cruces
2024-06-19T12:00:00Z,39437,NA,NA,Tres Cruces
2024-06-19T13:00:00Z,35836,NA,NA,Tres Cruces
2024-06-19T14:00:00Z,35493,NA,NA,Tres Cruces
2024-06-19T15:00:00Z,36998,NA,NA,Tres Cruces
2024-06-19T16:00:00Z,39680,NA,NA,Tres Cruces
2024-06-19T17:00:00Z,43193,NA,NA,Tres Cruces
2024-06-19T18:00:00Z,31754,NA,NA,Tres Cruces
2024-06-19T19:00:00Z,28014,NA,NA,Tres Cruces
2024-06-19T20:00:00Z,23461,NA,NA,Tres Cruces
2024-06-19T21:00:00Z,19962,NA,NA,Tres Cruces
2024-06-19T22:00:00Z,18205,NA,NA,Tres Cruces
2024-06-19T23:00:00Z,15504,NA,NA,Tres Cruces
2024-06-20T00:00:00Z,13116,NA,NA,Tres Cruces
2024-06-20T01:00:00Z,7067,NA,NA,Tres Cruces
2024-06-20T02:00:00Z,7995,NA,NA,Tres Cruces
2024-06-20T03:00:00Z,7162,NA,NA,Tres Cruces
2024-06-20T04:00:00Z,8194,NA,NA,Tres Cruces
2024-06-20T05:00:00Z,10987,NA,NA,Tres Cruces
2024-06-20T06:00:00Z,17383,NA,NA,Tres Cruces
2024-06-20T07:00:00Z,31616,NA,NA,Tres Cruces
2024-06-20T08:00:00Z,45087,NA,NA,Tres Cruces
2024-06-20T09:00:00Z,43907,NA,NA,Tres Cruces
2024-06-20T10:00:00Z,40944,NA,NA,Tres Cruces
2024-06-20T11:00:00Z,41499,NA,NA,Tres Cruces
2024-06-20T12:00:00Z,43504,NA,NA,Tres Cruces
2024-06-20T13:00:00Z,42175,NA,NA,Tres Cruces
2024-06-20T14:00:00Z,41417,NA,NA,Tres Cruces
2024-06-20T15:00:00Z,44207,NA,NA,Tres Cruces
2024-06-20T16:00:00Z,45784,NA,NA,Tres Cruces
2024-06-20T17:00:00Z,48831,NA,NA,Tres Cruces
2024-06-20T18:00:00Z,37862,NA,NA,Tres Cruces
2024-06-20T19:00:00Z,32537,NA,NA,Tres Cruces
2024-06-20T20:00:00Z,27236,NA,NA,Tres Cruces
2024-06-20T21:00:00Z,22417,NA,NA,Tres Cruces
2024-06-20T22:00:00Z,18835,NA,NA,Tres Cruces
2024-06-20T23:00:00Z,17152,NA,NA,Tres Cruces
2024-06-21T00:00:00Z,15137,NA,NA,Tres Cruces
2024-06-21T01:00:00Z,11395,NA,NA,Tres Cruces
2024-06-21T02:00:00Z,10814,NA,NA,Tres Cruces
2024-06-21T03:00:00Z,11158,NA,NA,Tres Cruces
2024-06-21T04:00:00Z,9429,NA,NA,Tres Cruces
2024-06-21T05:00:00Z,12006,NA,NA,Tres Cruces
2024-06-21T06:00:00Z,18049,NA,NA,Tres Cruces
2024-06-21T07:00:00Z,30503,NA,NA,Tres Cruces
2024-06-21T08:00:00Z,44182,NA,NA,Tres Cruces
2024-06-21T09:00:00Z,42973,NA,NA,Tres Cruces
2024-06-21T10:00:00Z,39612,NA,NA,Tres Cruces
2024-06-21T11:00:00Z,40658,NA,NA,Tres Cruces
2024-06-21T12:00:00Z,42185,NA,NA,Tres Cruces
2024-06-21T13:00:00Z,42765,NA,NA,Tres Cruces
2024-06-21T14:00:00Z,43077,NA,NA,Tres Cruces
2024-06-21T15:00:00Z,43477,NA,NA,Tres Cruces
2024-06-21T16:00:00Z,44975,NA,NA,Tres Cruces
2024-06-21T17:00:00Z,46866,NA,NA,Tres Cruces
2024-06-21T18:00:00Z,35000,NA,NA,Tres Cruces
2024-06-21T19:00:00Z,30541,NA,NA,Tres Cruces
2024-06-21T20:00:00Z,28531,NA,NA,Tres Cruces
2024-06-21T21:00:00Z,24726,NA,NA,Tres Cruces
2024-06-21T22:00:00Z,20759,NA,NA,Tres Cruces
2024-06-21T23:00:00Z,19451,NA,NA,Tres Cruces
2024-06-22T00:00:00Z,17221,NA,NA,Tres Cruces
2024-06-22T01:00:00Z,13754,NA,NA,Tres Cruces
2024-06-22T02:00:00Z,11453,NA,NA,Tres Cruces
2024-06-22T03:00:00Z,9463,NA,NA,Tres Cruces
2024-06-22T04:00:00Z,9750,NA,NA,Tres Cruces
2024-06-22T05:00:00Z,9528,NA,NA,Tres Cruces
2024-06-22T06:00:00Z,11023,NA,NA,Tres Cruces
2024-06-22T07:00:00Z,14101,NA,NA,Tres Cruces
2024-06-22T08:00:00Z,21067,NA,NA,Tres Cruces
2024-06-22T09:00:00Z,24649,NA,NA,Tres Cruces
2024-06-22T10:00:00Z,28359,NA,NA,Tres Cruces
2024-06-22T11:00:00Z,32571,NA,NA,Tres Cruces
2024-06-22T12:00:00Z,35802,NA,NA,Tres Cruces
2024-06-22T13:00:00Z,34632,NA,NA,Tres Cruces
2024-06-22T14:00:00Z,29631,NA,NA,Tres Cruces
2024-06-22T15:00:00Z,26621,NA,NA,Tres Cruces
2024-06-22T16:00:00Z,29114,NA,NA,Tres Cruces
2024-06-22T17:00:00Z,31364,NA,NA,Tres Cruces
2024-06-22T18:00:00Z,22647,NA,NA,Tres Cruces
2024-06-22T19:00:00Z,20793,NA,NA,Tres Cruces
2024-06-22T20:00:00Z,21670,NA,NA,Tres Cruces
2024-06-22T21:00:00Z,19372,NA,NA,Tres Cruces
2024-06-22T22:00:00Z,15363,NA,NA,Tres Cruces
2024-06-22T23:00:00Z,14844,NA,NA,Tres Cruces
2024-06-23T00:00:00Z,17150,NA,NA,Tres Cruces
2024-06-23T01:00:00Z,15140,NA,NA,Tres Cruces
2024-06-23T02:00:00Z,13318,NA,NA,Tres Cruces
2024-06-23T03:00:00Z,10704,NA,NA,Tres Cruces
2024-06-23T04:00:00Z,10309,NA,NA,Tres Cruces
2024-06-23T05:00:00Z,11058,NA,NA,Tres Cruces
2024-06-23T06:00:00Z,12186,NA,NA,Tres Cruces
2024-06-23T07:00:00Z,11146,NA,NA,Tres Cruces
2024-06-23T08:00:00Z,9119,NA,NA,Tres Cruces
2024-06-23T09:00:00Z,11478,NA,NA,Tres Cruces
2024-06-23T10:00:00Z,15522,NA,NA,Tres Cruces
2024-06-23T11:00:00Z,21151,NA,NA,Tres Cruces
2024-06-23T12:00:00Z,27827,NA,NA,Tres Cruces
2024-06-23T13:00:00Z,25893,NA,NA,Tres Cruces
2024-06-23T14:00:00Z,23365,NA,NA,Tres Cruces
2024-06-23T15:00:00Z,25806,NA,NA,Tres Cruces
2024-06-23T16:00:00Z,29168,NA,NA,Tres Cruces
2024-06-23T17:00:00Z,31564,NA,NA,Tres Cruces
2024-06-23T18:00:00Z,26205,NA,NA,Tres Cruces
2024-06-23T19:00:00Z,24304,NA,NA,Tres Cruces
2024-06-23T20:00:00Z,22695,NA,NA,Tres Cruces
2024-06-23T21:00:00Z,20680,NA,NA,Tres Cruces
2024-06-23T22:00:00Z,14254,NA,NA,Tres Cruces
2024-06-23T23:00:00Z,14024,NA,NA,Tres Cruces
2024-06-24T00:00:00Z,17086,NA,NA,Tres Cruces
2024-06-24T01:00:00Z,10186,NA,NA,Tres Cruces
2024-06-24T02:00:00Z,5711,NA,NA,Tres Cruces
2024-06-24T03:00:00Z,9743,NA,NA,Tres Cruces
2024-06-24T04:00:00Z,9331,NA,NA,Tres Cruces
2024-06-24T05:00:00Z,12202,NA,NA,Tres Cruces
2024-06-24T06:00:00Z,20532,NA,NA,Tres Cruces
2024-06-24T07:00:00Z,32821,NA,NA,Tres Cruces
2024-06-24T08:00:00Z,44876,NA,NA,Tres Cruces
2024-06-24T09:00:00Z,43092,NA,NA,Tres Cruces
2024-06-24T10:00:00Z,39635,NA,NA,Tres Cruces
2024-06-24T11:00:00Z,39845,NA,NA,Tres Cruces
2024-06-24T12:00:00Z,43330,NA,NA,Tres Cruces
2024-06-24T13:00:00Z,42496,NA,NA,Tres Cruces
2024-06-24T14:00:00Z,41834,NA,NA,Tres Cruces
2024-06-24T15:00:00Z,43380,NA,NA,Tres Cruces
2024-06-24T16:00:00Z,46318,NA,NA,Tres Cruces
2024-06-24T17:00:00Z,50449,NA,NA,Tres Cruces
2024-06-24T18:00:00Z,39271,NA,NA,Tres Cruces
2024-06-24T19:00:00Z,33298,NA,NA,Tres Cruces
2024-06-24T20:00:00Z,28876,NA,NA,Tres Cruces
2024-06-24T21:00:00Z,25215,NA,NA,Tres Cruces
2024-06-24T22:00:00Z,20030,NA,NA,Tres Cruces
2024-06-24T23:00:00Z,15787,NA,NA,Tres Cruces
2024-06-25T00:00:00Z,12934,NA,NA,Tres Cruces
2024-06-25T01:00:00Z,9935,NA,NA,Tres Cruces
2024-06-25T02:00:00Z,9742,NA,NA,Tres Cruces
2024-06-25T03:00:00Z,7901,NA,NA,Tres Cruces
2024-06-25T04:00:00Z,8396,NA,NA,Tres Cruces
2024-06-25T05:00:00Z,12171,NA,NA,Tres Cruces
2024-06-25T06:00:00Z,18950,NA,NA,Tres Cruces
2024-06-25T07:00:00Z,32050,NA,NA,Tres Cruces
2024-06-25T08:00:00Z,45678,NA,NA,Tres Cruces
2024-06-25T09:00:00Z,43549,NA,NA,Tres Cruces
2024-06-25T10:00:00Z,40078,NA,NA,Tres Cruces
2024-06-25T11:00:00Z,40340,NA,NA,Tres Cruces
2024-06-25T12:00:00Z,41918,NA,NA,Tres Cruces
2024-06-25T13:00:00Z,42393,NA,NA,Tres Cruces
2024-06-25T14:00:00Z,42345,NA,NA,Tres Cruces
2024-06-25T15:00:00Z,43229,NA,NA,Tres Cruces
2024-06-25T16:00:00Z,45955,NA,NA,Tres Cruces
2024-06-25T17:00:00Z,49408,NA,NA,Tres Cruces
2024-06-25T18:00:00Z,38690,NA,NA,Tres Cruces
2024-06-25T19:00:00Z,33846,NA,NA,Tres Cruces
2024-06-25T20:00:00Z,27931,NA,NA,Tres Cruces
2024-06-25T21:00:00Z,24470,NA,NA,Tres Cruces
2024-06-25T22:00:00Z,19572,NA,NA,Tres Cruces
2024-06-25T23:00:00Z,15859,NA,NA,Tres Cruces
2024-06-26T00:00:00Z,12692,NA,NA,Tres Cruces
2024-06-26T01:00:00Z,7247,NA,NA,Tres Cruces
2024-06-26T02:00:00Z,4683,NA,NA,Tres Cruces
2024-06-26T03:00:00Z,3808,NA,NA,Tres Cruces
2024-06-26T04:00:00Z,3302,NA,NA,Tres Cruces
2024-06-26T05:00:00Z,10189,NA,NA,Tres Cruces
2024-06-26T06:00:00Z,17065,NA,NA,Tres Cruces
2024-06-26T07:00:00Z,30083,NA,NA,Tres Cruces
2024-06-26T08:00:00Z,44603,NA,NA,Tres Cruces
2024-06-26T09:00:00Z,42363,NA,NA,Tres Cruces
2024-06-26T10:00:00Z,39370,NA,NA,Tres Cruces
2024-06-26T11:00:00Z,41220,NA,NA,Tres Cruces
2024-06-26T12:00:00Z,43108,NA,NA,Tres Cruces
2024-06-26T13:00:00Z,42350,NA,NA,Tres Cruces
2024-06-26T14:00:00Z,42614,NA,NA,Tres Cruces
2024-06-26T15:00:00Z,43943,NA,NA,Tres Cruces
2024-06-26T16:00:00Z,46975,NA,NA,Tres Cruces
2024-06-26T17:00:00Z,49876,NA,NA,Tres Cruces
2024-06-26T18:00:00Z,39465,NA,NA,Tres Cruces
2024-06-26T19:00:00Z,34338,NA,NA,Tres Cruces
2024-06-26T20:00:00Z,29119,NA,NA,Tres Cruces
2024-06-26T21:00:00Z,25002,NA,NA,Tres Cruces
2024-06-26T22:00:00Z,19735,NA,NA,Tres Cruces
2024-06-26T23:00:00Z,14911,NA,NA,Tres Cruces
2024-06-27T00:00:00Z,11795,NA,NA,Tres Cruces
2024-06-27T01:00:00Z,7440,NA,NA,Tres Cruces
2024-06-27T02:00:00Z,7142,NA,NA,Tres Cruces
2024-06-27T03:00:00Z,5658,NA,NA,Tres Cruces
2024-06-27T04:00:00Z,5615,NA,NA,Tres Cruces
2024-06-27T05:00:00Z,10739,NA,NA,Tres Cruces
2024-06-27T06:00:00Z,15712,NA,NA,Tres Cruces
2024-06-27T07:00:00Z,28323,NA,NA,Tres Cruces
2024-06-27T08:00:00Z,43287,NA,NA,Tres Cruces
2024-06-27T09:00:00Z,42208,NA,NA,Tres Cruces
2024-06-27T10:00:00Z,38638,NA,NA,Tres Cruces
2024-06-27T11:00:00Z,39925,NA,NA,Tres Cruces
2024-06-27T12:00:00Z,42890,NA,NA,Tres Cruces
2024-06-27T13:00:00Z,41884,NA,NA,Tres Cruces
2024-06-27T14:00:00Z,42277,NA,NA,Tres Cruces
2024-06-27T15:00:00Z,44016,NA,NA,Tres Cruces
2024-06-27T16:00:00Z,46160,NA,NA,Tres Cruces
2024-06-27T17:00:00Z,49487,NA,NA,Tres Cruces
2024-06-27T18:00:00Z,40450,NA,NA,Tres Cruces
2024-06-27T19:00:00Z,34238,NA,NA,Tres Cruces
2024-06-27T20:00:00Z,29540,NA,NA,Tres Cruces
2024-06-27T21:00:00Z,25059,NA,NA,Tres Cruces
2024-06-27T22:00:00Z,16937,NA,NA,Tres Cruces
2024-06-27T23:00:00Z,15002,NA,NA,Tres Cruces
2024-06-28T00:00:00Z,18828,NA,NA,Tres Cruces
2024-06-28T01:00:00Z,13318,NA,NA,Tres Cruces
2024-06-28T02:00:00Z,12098,NA,NA,Tres Cruces
2024-06-28T03:00:00Z,12827,NA,NA,Tres Cruces
2024-06-28T04:00:00Z,9969,NA,NA,Tres Cruces
2024-06-28T05:00:00Z,12253,NA,NA,Tres Cruces
2024-06-28T06:00:00Z,17696,NA,NA,Tres Cruces
2024-06-28T07:00:00Z,30786,NA,NA,Tres Cruces
2024-06-28T08:00:00Z,44144,NA,NA,Tres Cruces
2024-06-28T09:00:00Z,43473,NA,NA,Tres Cruces
2024-06-28T10:00:00Z,40935,NA,NA,Tres Cruces
2024-06-28T11:00:00Z,41911,NA,NA,Tres Cruces
2024-06-28T12:00:00Z,37511,NA,NA,Tres Cruces
2024-06-28T13:00:00Z,44770,NA,NA,Tres Cruces
2024-06-28T14:00:00Z,44733,NA,NA,Tres Cruces
2024-06-28T15:00:00Z,45359,NA,NA,Tres Cruces
2024-06-28T16:00:00Z,47759,NA,NA,Tres Cruces
2024-06-28T17:00:00Z,47453,NA,NA,Tres Cruces
2024-06-28T18:00:00Z,39143,NA,NA,Tres Cruces
2024-06-28T19:00:00Z,34932,NA,NA,Tres Cruces
2024-06-28T20:00:00Z,31803,NA,NA,Tres Cruces
2024-06-28T21:00:00Z,27177,NA,NA,Tres Cruces
2024-06-28T22:00:00Z,22663,NA,NA,Tres Cruces
2024-06-28T23:00:00Z,19029,NA,NA,Tres Cruces
2024-06-29T00:00:00Z,17334,NA,NA,Tres Cruces
2024-06-29T01:00:00Z,12046,NA,NA,Tres Cruces
2024-06-29T02:00:00Z,10957,NA,NA,Tres Cruces
2024-06-29T03:00:00Z,11845,NA,NA,Tres Cruces
2024-06-29T04:00:00Z,10811,NA,NA,Tres Cruces
2024-06-29T05:00:00Z,12991,NA,NA,Tres Cruces
2024-06-29T06:00:00Z,14999,NA,NA,Tres Cruces
2024-06-29T07:00:00Z,14302,NA,NA,Tres Cruces
2024-06-29T08:00:00Z,19189,NA,NA,Tres Cruces
2024-06-29T09:00:00Z,24639,NA,NA,Tres Cruces
2024-06-29T10:00:00Z,29827,NA,NA,Tres Cruces
2024-06-29T11:00:00Z,35987,NA,NA,Tres Cruces
2024-06-29T12:00:00Z,39576,NA,NA,Tres Cruces
2024-06-29T13:00:00Z,36316,NA,NA,Tres Cruces
2024-06-29T14:00:00Z,30681,NA,NA,Tres Cruces
2024-06-29T15:00:00Z,29143,NA,NA,Tres Cruces
2024-06-29T16:00:00Z,31230,NA,NA,Tres Cruces
2024-06-29T17:00:00Z,30407,NA,NA,Tres Cruces
2024-06-29T18:00:00Z,25943,NA,NA,Tres Cruces
2024-06-29T19:00:00Z,24487,NA,NA,Tres Cruces
2024-06-29T20:00:00Z,23404,NA,NA,Tres Cruces
2024-06-29T21:00:00Z,19589,NA,NA,Tres Cruces
2024-06-29T22:00:00Z,17545,NA,NA,Tres Cruces
2024-06-29T23:00:00Z,17435,NA,NA,Tres Cruces
2024-06-30T00:00:00Z,15643,NA,NA,Tres Cruces
2024-06-30T01:00:00Z,11275,NA,NA,Tres Cruces
2024-06-30T02:00:00Z,9463,NA,NA,Tres Cruces
2024-06-30T03:00:00Z,9259,NA,NA,Tres Cruces
2024-06-30T04:00:00Z,9206,NA,NA,Tres Cruces
2024-06-30T05:00:00Z,11439,NA,NA,Tres Cruces
2024-06-30T06:00:00Z,13373,NA,NA,Tres Cruces
2024-06-30T07:00:00Z,10932,NA,NA,Tres Cruces
2024-06-30T08:00:00Z,11590,NA,NA,Tres Cruces
2024-06-30T09:00:00Z,15513,NA,NA,Tres Cruces
2024-06-30T10:00:00Z,20891,NA,NA,Tres Cruces
2024-06-30T11:00:00Z,28941,NA,NA,Tres Cruces
2024-06-30T12:00:00Z,34916,NA,NA,Tres Cruces
2024-06-30T13:00:00Z,31861,NA,NA,Tres Cruces
2024-06-30T14:00:00Z,28296,NA,NA,Tres Cruces
2024-06-30T15:00:00Z,29417,NA,NA,Tres Cruces
2024-06-30T16:00:00Z,32339,NA,NA,Tres Cruces
2024-06-30T17:00:00Z,32812,NA,NA,Tres Cruces
2024-06-30T18:00:00Z,27936,NA,NA,Tres Cruces
2024-06-30T19:00:00Z,24767,NA,NA,Tres Cruces
2024-06-30T20:00:00Z,22005,NA,NA,Tres Cruces
2024-06-30T21:00:00Z,19236,NA,NA,Tres Cruces
2024-06-30T22:00:00Z,17332,NA,NA,Tres Cruces
2024-06-30T23:00:00Z,16556,NA,NA,Tres Cruces
2024-06-01T00:00:00Z,1136,NA,5.310344827586207,Museo Romántico
2024-06-01T01:00:00Z,963,NA,3,Museo Romántico
2024-06-01T02:00:00Z,688,NA,3,Museo Romántico
2024-06-01T03:00:00Z,551,NA,4,Museo Romántico
2024-06-01T04:00:00Z,539,NA,3.7241379310344827,Museo Romántico
2024-06-01T05:00:00Z,580,NA,3,Museo Romántico
2024-06-01T06:00:00Z,666,NA,3.142857142857143,Museo Romántico
2024-06-01T07:00:00Z,701,NA,3.793103448275862,Museo Romántico
2024-06-01T08:00:00Z,1167,NA,5.178571428571429,Museo Romántico
2024-06-01T09:00:00Z,1529,NA,3.0357142857142856,Museo Romántico
2024-06-01T10:00:00Z,2004,NA,9.066666666666666,Museo Romántico
2024-06-01T11:00:00Z,2819,NA,9.8,Museo Romántico
2024-06-01T12:00:00Z,3522,NA,11.333333333333334,Museo Romántico
2024-06-01T13:00:00Z,3032,NA,10.866666666666667,Museo Romántico
2024-06-01T14:00:00Z,2577,NA,7.9,Museo Romántico
2024-06-01T15:00:00Z,2251,NA,8.266666666666667,Museo Romántico
2024-06-01T16:00:00Z,2127,NA,11.433333333333334,Museo Romántico
2024-06-01T17:00:00Z,2165,NA,19.9,Museo Romántico
2024-06-01T18:00:00Z,2085,NA,27.466666666666665,Museo Romántico
2024-06-01T19:00:00Z,2231,NA,43.9,Museo Romántico
2024-06-01T20:00:00Z,2288,NA,83.1,Museo Romántico
2024-06-01T21:00:00Z,1928,NA,92.28571428571429,Museo Romántico
2024-06-01T22:00:00Z,2153,NA,65.63333333333334,Museo Romántico
2024-06-01T23:00:00Z,1489,NA,45.733333333333334,Museo Romántico
2024-06-02T00:00:00Z,1298,NA,27.966666666666665,Museo Romántico
2024-06-02T01:00:00Z,1003,NA,19.3,Museo Romántico
2024-06-02T02:00:00Z,752,NA,20.466666666666665,Museo Romántico
2024-06-02T03:00:00Z,654,NA,48.53333333333333,Museo Romántico
2024-06-02T04:00:00Z,696,NA,50.1,Museo Romántico
2024-06-02T05:00:00Z,663,NA,37.3,Museo Romántico
2024-06-02T06:00:00Z,667,NA,34.06666666666667,Museo Romántico
2024-06-02T07:00:00Z,539,NA,23.566666666666666,Museo Romántico
2024-06-02T08:00:00Z,699,NA,12.866666666666667,Museo Romántico
2024-06-02T09:00:00Z,885,NA,12.464285714285714,Museo Romántico
2024-06-02T10:00:00Z,1128,NA,11.666666666666666,Museo Romántico
2024-06-02T11:00:00Z,1401,NA,9.533333333333333,Museo Romántico
2024-06-02T12:00:00Z,1642,NA,4.9,Museo Romántico
2024-06-02T13:00:00Z,1808,NA,4.466666666666667,Museo Romántico
2024-06-02T14:00:00Z,1370,NA,4,Museo Romántico
2024-06-02T15:00:00Z,1252,NA,3.6333333333333333,Museo Romántico
2024-06-02T16:00:00Z,1847,NA,7.766666666666667,Museo Romántico
2024-06-02T17:00:00Z,2327,NA,10.233333333333333,Museo Romántico
2024-06-02T18:00:00Z,1784,NA,27.7,Museo Romántico
2024-06-02T19:00:00Z,1665,NA,46.833333333333336,Museo Romántico
2024-06-02T20:00:00Z,1645,NA,34.4,Museo Romántico
2024-06-02T21:00:00Z,1265,NA,17.5,Museo Romántico
2024-06-02T22:00:00Z,1022,NA,3,Museo Romántico
2024-06-02T23:00:00Z,778,NA,3,Museo Romántico
2024-06-03T00:00:00Z,497,NA,3,Museo Romántico
2024-06-03T01:00:00Z,284,NA,3,Museo Romántico
2024-06-03T02:00:00Z,166,NA,3.033333333333333,Museo Romántico
2024-06-03T03:00:00Z,168,NA,3.6,Museo Romántico
2024-06-03T04:00:00Z,150,NA,4.266666666666667,Museo Romántico
2024-06-03T05:00:00Z,350,NA,4.966666666666667,Museo Romántico
2024-06-03T06:00:00Z,1030,NA,5.433333333333334,Museo Romántico
2024-06-03T07:00:00Z,2257,NA,5.633333333333334,Museo Romántico
2024-06-03T08:00:00Z,3999,NA,4.933333333333334,Museo Romántico
2024-06-03T09:00:00Z,4641,NA,4.304347826086956,Museo Romántico
2024-06-03T10:00:00Z,3832,NA,3.25,Museo Romántico
2024-06-03T11:00:00Z,4024,NA,3.2413793103448274,Museo Romántico
2024-06-03T12:00:00Z,4198,NA,3.1724137931034484,Museo Romántico
2024-06-03T13:00:00Z,4292,NA,3,Museo Romántico
2024-06-03T14:00:00Z,4538,NA,3,Museo Romántico
2024-06-03T15:00:00Z,4734,NA,3.1379310344827585,Museo Romántico
2024-06-03T16:00:00Z,5382,NA,3,Museo Romántico
2024-06-03T17:00:00Z,5824,NA,3,Museo Romántico
2024-06-03T18:00:00Z,4772,NA,3,Museo Romántico
2024-06-03T19:00:00Z,3111,NA,3.0714285714285716,Museo Romántico
2024-06-03T20:00:00Z,2248,NA,3.9285714285714284,Museo Romántico
2024-06-03T21:00:00Z,1701,NA,4.76,Museo Romántico
2024-06-03T22:00:00Z,1402,NA,4.321428571428571,Museo Romántico
2024-06-03T23:00:00Z,892,NA,4.892857142857143,Museo Romántico
2024-06-04T00:00:00Z,524,NA,4.296296296296297,Museo Romántico
2024-06-04T01:00:00Z,235,NA,7.931034482758621,Museo Romántico
2024-06-04T02:00:00Z,168,NA,10.814814814814815,Museo Romántico
2024-06-04T03:00:00Z,150,NA,13,Museo Romántico
2024-06-04T04:00:00Z,164,NA,14,Museo Romántico
2024-06-04T05:00:00Z,394,NA,12.25,Museo Romántico
2024-06-04T06:00:00Z,953,NA,11.035714285714286,Museo Romántico
2024-06-04T07:00:00Z,2245,NA,9.071428571428571,Museo Romántico
2024-06-04T08:00:00Z,3982,NA,10.448275862068966,Museo Romántico
2024-06-04T09:00:00Z,4686,NA,16.6875,Museo Romántico
2024-06-04T10:00:00Z,4322,NA,18.964285714285715,Museo Romántico
2024-06-04T11:00:00Z,4311,NA,10.25,Museo Romántico
2024-06-04T12:00:00Z,4124,NA,7.571428571428571,Museo Romántico
2024-06-04T13:00:00Z,4274,NA,6.142857142857143,Museo Romántico
2024-06-04T14:00:00Z,4468,NA,5.333333333333333,Museo Romántico
2024-06-04T15:00:00Z,4798,NA,4.071428571428571,Museo Romántico
2024-06-04T16:00:00Z,5073,NA,3.857142857142857,Museo Romántico
2024-06-04T17:00:00Z,5715,NA,5.241379310344827,Museo Romántico
2024-06-04T18:00:00Z,4890,NA,9.96551724137931,Museo Romántico
2024-06-04T19:00:00Z,3063,NA,13.214285714285714,Museo Romántico
2024-06-04T20:00:00Z,2284,NA,22.5,Museo Romántico
2024-06-04T21:00:00Z,1912,NA,20.5,Museo Romántico
2024-06-04T22:00:00Z,1358,NA,13.75,Museo Romántico
2024-06-04T23:00:00Z,902,NA,11.321428571428571,Museo Romántico
2024-06-05T00:00:00Z,576,NA,10.407407407407407,Museo Romántico
2024-06-05T01:00:00Z,291,NA,8.733333333333333,Museo Romántico
2024-06-05T02:00:00Z,178,NA,8.137931034482758,Museo Romántico
2024-06-05T03:00:00Z,166,NA,6.366666666666666,Museo Romántico
2024-06-05T04:00:00Z,175,NA,5.896551724137931,Museo Romántico
2024-06-05T05:00:00Z,406,NA,6.620689655172414,Museo Romántico
2024-06-05T06:00:00Z,1166,NA,8.071428571428571,Museo Romántico
2024-06-05T07:00:00Z,2625,NA,8.571428571428571,Museo Romántico
2024-06-05T08:00:00Z,4320,NA,11.814814814814815,Museo Romántico
2024-06-05T09:00:00Z,4933,NA,10.777777777777779,Museo Romántico
2024-06-05T10:00:00Z,4548,NA,9.8,Museo Romántico
2024-06-05T11:00:00Z,4349,NA,3.8,Museo Romántico
2024-06-05T12:00:00Z,4408,NA,7.620689655172414,Museo Romántico
2024-06-05T13:00:00Z,4554,NA,6.357142857142857,Museo Romántico
2024-06-05T14:00:00Z,4626,NA,7.6,Museo Romántico
2024-06-05T15:00:00Z,4776,NA,6.241379310344827,Museo Romántico
2024-06-05T16:00:00Z,5577,NA,7.535714285714286,Museo Romántico
2024-06-05T17:00:00Z,6201,NA,9.214285714285714,Museo Romántico
2024-06-05T18:00:00Z,5174,NA,14.10344827586207,Museo Romántico
2024-06-05T19:00:00Z,3494,NA,18.551724137931036,Museo Romántico
2024-06-05T20:00:00Z,2712,NA,19.22222222222222,Museo Romántico
2024-06-05T21:00:00Z,2263,NA,15.384615384615385,Museo Romántico
2024-06-05T22:00:00Z,1520,NA,10.137931034482758,Museo Romántico
2024-06-05T23:00:00Z,1007,NA,11.88888888888889,Museo Romántico
2024-06-06T00:00:00Z,700,NA,11.464285714285714,Museo Romántico
2024-06-06T01:00:00Z,347,NA,12.310344827586206,Museo Romántico
2024-06-06T02:00:00Z,247,NA,11.892857142857142,Museo Romántico
2024-06-06T03:00:00Z,194,NA,8.033333333333333,Museo Romántico
2024-06-06T04:00:00Z,193,NA,9.03448275862069,Museo Romántico
2024-06-06T05:00:00Z,406,NA,6.107142857142857,Museo Romántico
2024-06-06T06:00:00Z,1007,NA,8.214285714285714,Museo Romántico
2024-06-06T07:00:00Z,2316,NA,7.586206896551724,Museo Romántico
2024-06-06T08:00:00Z,4026,NA,7.884615384615385,Museo Romántico
2024-06-06T09:00:00Z,4458,NA,13.928571428571429,Museo Romántico
2024-06-06T10:00:00Z,4167,NA,10.793103448275861,Museo Romántico
2024-06-06T11:00:00Z,4295,NA,9.214285714285714,Museo Romántico
2024-06-06T12:00:00Z,4258,NA,11.4,Museo Romántico
2024-06-06T13:00:00Z,4554,NA,15,Museo Romántico
2024-06-06T14:00:00Z,4785,NA,15.4,Museo Romántico
2024-06-06T15:00:00Z,4685,NA,17.071428571428573,Museo Romántico
2024-06-06T16:00:00Z,5341,NA,20.620689655172413,Museo Romántico
2024-06-06T17:00:00Z,5633,NA,23.25,Museo Romántico
2024-06-06T18:00:00Z,4842,NA,26.928571428571427,Museo Romántico
2024-06-06T19:00:00Z,3778,NA,26.964285714285715,Museo Romántico
2024-06-06T20:00:00Z,2807,NA,41.310344827586206,Museo Romántico
2024-06-06T21:00:00Z,2366,NA,56.30769230769231,Museo Romántico
2024-06-06T22:00:00Z,1899,NA,79.27586206896552,Museo Romántico
2024-06-06T23:00:00Z,1539,NA,70.25,Museo Romántico
2024-06-07T00:00:00Z,969,NA,62.96296296296296,Museo Romántico
2024-06-07T01:00:00Z,593,NA,60.6551724137931,Museo Romántico
2024-06-07T02:00:00Z,495,NA,54.96551724137931,Museo Romántico
2024-06-07T03:00:00Z,457,NA,56.766666666666666,Museo Romántico
2024-06-07T04:00:00Z,318,NA,53.03448275862069,Museo Romántico
2024-06-07T05:00:00Z,451,NA,39.629629629629626,Museo Romántico
2024-06-07T06:00:00Z,1059,NA,39.892857142857146,Museo Romántico
2024-06-07T07:00:00Z,2312,NA,49.206896551724135,Museo Romántico
2024-06-07T08:00:00Z,3992,NA,49.535714285714285,Museo Romántico
2024-06-07T09:00:00Z,4488,NA,44.36,Museo Romántico
2024-06-07T10:00:00Z,4358,NA,41,Museo Romántico
2024-06-07T11:00:00Z,4277,NA,25.928571428571427,Museo Romántico
2024-06-07T12:00:00Z,4652,NA,26.766666666666666,Museo Romántico
2024-06-07T13:00:00Z,4758,NA,18.896551724137932,Museo Romántico
2024-06-07T14:00:00Z,4830,NA,19.517241379310345,Museo Romántico
2024-06-07T15:00:00Z,5290,NA,16.25,Museo Romántico
2024-06-07T16:00:00Z,5672,NA,17.137931034482758,Museo Romántico
2024-06-07T17:00:00Z,6144,NA,19.448275862068964,Museo Romántico
2024-06-07T18:00:00Z,5077,NA,26,Museo Romántico
2024-06-07T19:00:00Z,3487,NA,27.896551724137932,Museo Romántico
2024-06-07T20:00:00Z,3170,NA,31.862068965517242,Museo Romántico
2024-06-07T21:00:00Z,2703,NA,31,Museo Romántico
2024-06-07T22:00:00Z,2180,NA,32.464285714285715,Museo Romántico
2024-06-07T23:00:00Z,1829,NA,32.17857142857143,Museo Romántico
2024-06-08T00:00:00Z,1259,NA,19.607142857142858,Museo Romántico
2024-06-08T01:00:00Z,962,NA,14.733333333333333,Museo Romántico
2024-06-08T02:00:00Z,743,NA,15.035714285714286,Museo Romántico
2024-06-08T03:00:00Z,783,NA,19.033333333333335,Museo Romántico
2024-06-08T04:00:00Z,683,NA,15.366666666666667,Museo Romántico
2024-06-08T05:00:00Z,598,NA,17.357142857142858,Museo Romántico
2024-06-08T06:00:00Z,750,NA,20.714285714285715,Museo Romántico
2024-06-08T07:00:00Z,1044,NA,12.464285714285714,Museo Romántico
2024-06-08T08:00:00Z,1846,NA,11.633333333333333,Museo Romántico
2024-06-08T09:00:00Z,2346,NA,13,Museo Romántico
2024-06-08T10:00:00Z,2931,NA,7.933333333333334,Museo Romántico
2024-06-08T11:00:00Z,3612,NA,9.666666666666666,Museo Romántico
2024-06-08T12:00:00Z,3923,NA,7.433333333333334,Museo Romántico
2024-06-08T13:00:00Z,3340,NA,6.2,Museo Romántico
2024-06-08T14:00:00Z,2682,NA,4.5,Museo Romántico
2024-06-08T15:00:00Z,2295,NA,5.133333333333334,Museo Romántico
2024-06-08T16:00:00Z,2583,NA,8.733333333333333,Museo Romántico
2024-06-08T17:00:00Z,2489,NA,13.2,Museo Romántico
2024-06-08T18:00:00Z,2079,NA,15.766666666666667,Museo Romántico
2024-06-08T19:00:00Z,2014,NA,17.966666666666665,Museo Romántico
2024-06-08T20:00:00Z,2578,NA,15.633333333333333,Museo Romántico
2024-06-08T21:00:00Z,2064,NA,14.535714285714286,Museo Romántico
2024-06-08T22:00:00Z,1935,NA,14.966666666666667,Museo Romántico
2024-06-08T23:00:00Z,1620,NA,13.366666666666667,Museo Romántico
2024-06-09T00:00:00Z,1368,NA,12.266666666666667,Museo Romántico
2024-06-09T01:00:00Z,1099,NA,11.133333333333333,Museo Romántico
2024-06-09T02:00:00Z,838,NA,9.933333333333334,Museo Romántico
2024-06-09T03:00:00Z,667,NA,10.766666666666667,Museo Romántico
2024-06-09T04:00:00Z,634,NA,10.033333333333333,Museo Romántico
2024-06-09T05:00:00Z,682,NA,10.033333333333333,Museo Romántico
2024-06-09T06:00:00Z,636,NA,12.5,Museo Romántico
2024-06-09T07:00:00Z,634,NA,9.8,Museo Romántico
2024-06-09T08:00:00Z,713,NA,9.366666666666667,Museo Romántico
2024-06-09T09:00:00Z,1019,NA,9.464285714285714,Museo Romántico
2024-06-09T10:00:00Z,1010,NA,8.366666666666667,Museo Romántico
2024-06-09T11:00:00Z,1422,NA,8.8,Museo Romántico
2024-06-09T12:00:00Z,1697,NA,8.066666666666666,Museo Romántico
2024-06-09T13:00:00Z,1717,NA,7.233333333333333,Museo Romántico
2024-06-09T14:00:00Z,1675,NA,7.833333333333333,Museo Romántico
2024-06-09T15:00:00Z,1750,NA,8.6,Museo Romántico
2024-06-09T16:00:00Z,2098,NA,12.033333333333333,Museo Romántico
2024-06-09T17:00:00Z,2305,NA,16.6,Museo Romántico
2024-06-09T18:00:00Z,1907,NA,16.933333333333334,Museo Romántico
2024-06-09T19:00:00Z,1907,NA,18.833333333333332,Museo Romántico
2024-06-09T20:00:00Z,1657,NA,20.966666666666665,Museo Romántico
2024-06-09T21:00:00Z,1552,NA,19.814814814814813,Museo Romántico
2024-06-09T22:00:00Z,1342,NA,14.333333333333334,Museo Romántico
2024-06-09T23:00:00Z,865,NA,18.566666666666666,Museo Romántico
2024-06-10T00:00:00Z,534,NA,7.866666666666666,Museo Romántico
2024-06-10T01:00:00Z,340,NA,4.933333333333334,Museo Romántico
2024-06-10T02:00:00Z,209,NA,5.733333333333333,Museo Romántico
2024-06-10T03:00:00Z,171,NA,5.266666666666667,Museo Romántico
2024-06-10T04:00:00Z,192,NA,5.433333333333334,Museo Romántico
2024-06-10T05:00:00Z,378,NA,5.833333333333333,Museo Romántico
2024-06-10T06:00:00Z,986,NA,6.933333333333334,Museo Romántico
2024-06-10T07:00:00Z,2320,NA,7.7,Museo Romántico
2024-06-10T08:00:00Z,4184,NA,10.866666666666667,Museo Romántico
2024-06-10T09:00:00Z,4537,NA,8.347826086956522,Museo Romántico
2024-06-10T10:00:00Z,4417,NA,10.551724137931034,Museo Romántico
2024-06-10T11:00:00Z,3954,NA,9.96551724137931,Museo Romántico
2024-06-10T12:00:00Z,4225,NA,10.482758620689655,Museo Romántico
2024-06-10T13:00:00Z,4418,NA,10,Museo Romántico
2024-06-10T14:00:00Z,4362,NA,10.571428571428571,Museo Romántico
2024-06-10T15:00:00Z,4695,NA,11,Museo Romántico
2024-06-10T16:00:00Z,5092,NA,11.310344827586206,Museo Romántico
2024-06-10T17:00:00Z,5586,NA,13.407407407407407,Museo Romántico
2024-06-10T18:00:00Z,4704,NA,11.642857142857142,Museo Romántico
2024-06-10T19:00:00Z,3125,NA,10.214285714285714,Museo Romántico
2024-06-10T20:00:00Z,2307,NA,13.592592592592593,Museo Romántico
2024-06-10T21:00:00Z,1871,NA,13.814814814814815,Museo Romántico
2024-06-10T22:00:00Z,1330,NA,17,Museo Romántico
2024-06-10T23:00:00Z,887,NA,22.571428571428573,Museo Romántico
2024-06-11T00:00:00Z,526,NA,21.379310344827587,Museo Romántico
2024-06-11T01:00:00Z,325,NA,21.071428571428573,Museo Romántico
2024-06-11T02:00:00Z,173,NA,18.03448275862069,Museo Romántico
2024-06-11T03:00:00Z,169,NA,15.166666666666666,Museo Romántico
2024-06-11T04:00:00Z,180,NA,12.310344827586206,Museo Romántico
2024-06-11T05:00:00Z,414,NA,11.5,Museo Romántico
2024-06-11T06:00:00Z,1069,NA,15.571428571428571,Museo Romántico
2024-06-11T07:00:00Z,2419,NA,14.5,Museo Romántico
2024-06-11T08:00:00Z,4306,NA,12.178571428571429,Museo Romántico
2024-06-11T09:00:00Z,4558,NA,10.75,Museo Romántico
2024-06-11T10:00:00Z,3790,NA,6.833333333333333,Museo Romántico
2024-06-11T11:00:00Z,3508,NA,5.166666666666667,Museo Romántico
2024-06-11T12:00:00Z,3792,NA,6.133333333333334,Museo Romántico
2024-06-11T13:00:00Z,3959,NA,6.9,Museo Romántico
2024-06-11T14:00:00Z,4204,NA,4.566666666666666,Museo Romántico
2024-06-11T15:00:00Z,4719,NA,3,Museo Romántico
2024-06-11T16:00:00Z,4443,NA,3,Museo Romántico
2024-06-11T17:00:00Z,4629,NA,3,Museo Romántico
2024-06-11T18:00:00Z,4280,NA,4.9,Museo Romántico
2024-06-11T19:00:00Z,3251,NA,3.9,Museo Romántico
2024-06-11T20:00:00Z,2412,NA,3.2666666666666666,Museo Romántico
2024-06-11T21:00:00Z,1903,NA,6.142857142857143,Museo Romántico
2024-06-11T22:00:00Z,1383,NA,6,Museo Romántico
2024-06-11T23:00:00Z,923,NA,5.266666666666667,Museo Romántico
2024-06-12T00:00:00Z,604,NA,5.333333333333333,Museo Romántico
2024-06-12T01:00:00Z,297,NA,3.9,Museo Romántico
2024-06-12T02:00:00Z,204,NA,5.1,Museo Romántico
2024-06-12T03:00:00Z,134,NA,8.333333333333334,Museo Romántico
2024-06-12T04:00:00Z,149,NA,6.3,Museo Romántico
2024-06-12T05:00:00Z,376,NA,3.8333333333333335,Museo Romántico
2024-06-12T06:00:00Z,1036,NA,13.066666666666666,Museo Romántico
2024-06-12T07:00:00Z,2261,NA,5.6,Museo Romántico
2024-06-12T08:00:00Z,4087,NA,8.366666666666667,Museo Romántico
2024-06-12T09:00:00Z,4681,NA,17.923076923076923,Museo Romántico
2024-06-12T10:00:00Z,4218,NA,17.20689655172414,Museo Romántico
2024-06-12T11:00:00Z,4215,NA,26.142857142857142,Museo Romántico
2024-06-12T12:00:00Z,4522,NA,27.17241379310345,Museo Romántico
2024-06-12T13:00:00Z,4511,NA,27.071428571428573,Museo Romántico
2024-06-12T14:00:00Z,4923,NA,30,Museo Romántico
2024-06-12T15:00:00Z,4695,NA,29.8,Museo Romántico
2024-06-12T16:00:00Z,5102,NA,30.06896551724138,Museo Romántico
2024-06-12T17:00:00Z,5567,NA,32.111111111111114,Museo Romántico
2024-06-12T18:00:00Z,4995,NA,38.86206896551724,Museo Romántico
2024-06-12T19:00:00Z,3762,NA,33.275862068965516,Museo Romántico
2024-06-12T20:00:00Z,2928,NA,32.142857142857146,Museo Romántico
2024-06-12T21:00:00Z,2433,NA,24.46153846153846,Museo Romántico
2024-06-12T22:00:00Z,1607,NA,12.068965517241379,Museo Romántico
2024-06-12T23:00:00Z,1311,NA,11,Museo Romántico
2024-06-13T00:00:00Z,763,NA,8.10344827586207,Museo Romántico
2024-06-13T01:00:00Z,439,NA,10.827586206896552,Museo Romántico
2024-06-13T02:00:00Z,269,NA,20.642857142857142,Museo Romántico
2024-06-13T03:00:00Z,212,NA,23.266666666666666,Museo Romántico
2024-06-13T04:00:00Z,242,NA,19.4,Museo Romántico
2024-06-13T05:00:00Z,455,NA,13.857142857142858,Museo Romántico
2024-06-13T06:00:00Z,1203,NA,9.655172413793103,Museo Romántico
2024-06-13T07:00:00Z,2742,NA,8.448275862068966,Museo Romántico
2024-06-13T08:00:00Z,5182,NA,8.10344827586207,Museo Romántico
2024-06-13T09:00:00Z,6065,NA,8.857142857142858,Museo Romántico
2024-06-13T10:00:00Z,5712,NA,6.5,Museo Romántico
2024-06-13T11:00:00Z,5581,NA,6.466666666666667,Museo Romántico
2024-06-13T12:00:00Z,5591,NA,5.166666666666667,Museo Romántico
2024-06-13T13:00:00Z,5783,NA,5.866666666666666,Museo Romántico
2024-06-13T14:00:00Z,5805,NA,6.433333333333334,Museo Romántico
2024-06-13T15:00:00Z,5947,NA,5.866666666666666,Museo Romántico
2024-06-13T16:00:00Z,6316,NA,5.3,Museo Romántico
2024-06-13T17:00:00Z,6955,NA,6.133333333333334,Museo Romántico
2024-06-13T18:00:00Z,5852,NA,6.1,Museo Romántico
2024-06-13T19:00:00Z,4035,NA,4.9,Museo Romántico
2024-06-13T20:00:00Z,3059,NA,5.733333333333333,Museo Romántico
2024-06-13T21:00:00Z,2583,NA,6.321428571428571,Museo Romántico
2024-06-13T22:00:00Z,2068,NA,6.466666666666667,Museo Romántico
2024-06-13T23:00:00Z,1487,NA,7.4,Museo Romántico
2024-06-14T00:00:00Z,1034,NA,9.4,Museo Romántico
2024-06-14T01:00:00Z,603,NA,11.466666666666667,Museo Romántico
2024-06-14T02:00:00Z,419,NA,14.5,Museo Romántico
2024-06-14T03:00:00Z,408,NA,17.666666666666668,Museo Romántico
2024-06-14T04:00:00Z,325,NA,18.2,Museo Romántico
2024-06-14T05:00:00Z,500,NA,21.233333333333334,Museo Romántico
2024-06-14T06:00:00Z,1268,NA,21.533333333333335,Museo Romántico
2024-06-14T07:00:00Z,2825,NA,17.466666666666665,Museo Romántico
2024-06-14T08:00:00Z,5082,NA,15.333333333333334,Museo Romántico
2024-06-14T09:00:00Z,5409,NA,14.7,Museo Romántico
2024-06-14T10:00:00Z,5647,NA,NA,Museo Romántico
2024-06-14T11:00:00Z,5528,NA,NA,Museo Romántico
2024-06-14T12:00:00Z,5528,NA,NA,Museo Romántico
2024-06-14T13:00:00Z,5612,NA,NA,Museo Romántico
2024-06-14T14:00:00Z,5594,NA,NA,Museo Romántico
2024-06-14T15:00:00Z,6130,NA,NA,Museo Romántico
2024-06-14T16:00:00Z,6553,NA,NA,Museo Romántico
2024-06-14T17:00:00Z,6710,NA,NA,Museo Romántico
2024-06-14T18:00:00Z,5954,NA,NA,Museo Romántico
2024-06-14T19:00:00Z,4198,NA,NA,Museo Romántico
2024-06-14T20:00:00Z,3407,NA,NA,Museo Romántico
2024-06-14T21:00:00Z,2648,NA,NA,Museo Romántico
2024-06-14T22:00:00Z,2347,NA,NA,Museo Romántico
2024-06-14T23:00:00Z,1727,NA,NA,Museo Romántico
2024-06-15T00:00:00Z,1549,NA,NA,Museo Romántico
2024-06-15T01:00:00Z,1076,NA,NA,Museo Romántico
2024-06-15T02:00:00Z,761,NA,NA,Museo Romántico
2024-06-15T03:00:00Z,599,NA,NA,Museo Romántico
2024-06-15T04:00:00Z,592,NA,NA,Museo Romántico
2024-06-15T05:00:00Z,678,NA,NA,Museo Romántico
2024-06-15T06:00:00Z,928,NA,NA,Museo Romántico
2024-06-15T07:00:00Z,1175,NA,NA,Museo Romántico
2024-06-15T08:00:00Z,1756,NA,NA,Museo Romántico
2024-06-15T09:00:00Z,2570,NA,NA,Museo Romántico
2024-06-15T10:00:00Z,3440,NA,NA,Museo Romántico
2024-06-15T11:00:00Z,4132,NA,NA,Museo Romántico
2024-06-15T12:00:00Z,4796,NA,NA,Museo Romántico
2024-06-15T13:00:00Z,3999,NA,NA,Museo Romántico
2024-06-15T14:00:00Z,3290,NA,NA,Museo Romántico
2024-06-15T15:00:00Z,3031,NA,NA,Museo Romántico
2024-06-15T16:00:00Z,3033,NA,NA,Museo Romántico
2024-06-15T17:00:00Z,2972,NA,NA,Museo Romántico
2024-06-15T18:00:00Z,2749,NA,NA,Museo Romántico
2024-06-15T19:00:00Z,2618,NA,NA,Museo Romántico
2024-06-15T20:00:00Z,2848,NA,NA,Museo Romántico
2024-06-15T21:00:00Z,2625,NA,NA,Museo Romántico
2024-06-15T22:00:00Z,2290,NA,NA,Museo Romántico
2024-06-15T23:00:00Z,1767,NA,NA,Museo Romántico
2024-06-16T00:00:00Z,1697,NA,NA,Museo Romántico
2024-06-16T01:00:00Z,1391,NA,NA,Museo Romántico
2024-06-16T02:00:00Z,1055,NA,NA,Museo Romántico
2024-06-16T03:00:00Z,782,NA,NA,Museo Romántico
2024-06-16T04:00:00Z,714,NA,NA,Museo Romántico
2024-06-16T05:00:00Z,735,NA,NA,Museo Romántico
2024-06-16T06:00:00Z,786,NA,NA,Museo Romántico
2024-06-16T07:00:00Z,730,NA,NA,Museo Romántico
2024-06-16T08:00:00Z,761,NA,NA,Museo Romántico
2024-06-16T09:00:00Z,1027,NA,NA,Museo Romántico
2024-06-16T10:00:00Z,1352,NA,NA,Museo Romántico
2024-06-16T11:00:00Z,1788,NA,NA,Museo Romántico
2024-06-16T12:00:00Z,2371,NA,NA,Museo Romántico
2024-06-16T13:00:00Z,2355,NA,NA,Museo Romántico
2024-06-16T14:00:00Z,2053,NA,NA,Museo Romántico
2024-06-16T15:00:00Z,2135,NA,NA,Museo Romántico
2024-06-16T16:00:00Z,2417,NA,NA,Museo Romántico
2024-06-16T17:00:00Z,2416,NA,NA,Museo Romántico
2024-06-16T18:00:00Z,2155,NA,NA,Museo Romántico
2024-06-16T19:00:00Z,2114,NA,NA,Museo Romántico
2024-06-16T20:00:00Z,1949,NA,NA,Museo Romántico
2024-06-16T21:00:00Z,1981,NA,NA,Museo Romántico
2024-06-16T22:00:00Z,1301,NA,NA,Museo Romántico
2024-06-16T23:00:00Z,1084,NA,NA,Museo Romántico
2024-06-17T00:00:00Z,666,NA,NA,Museo Romántico
2024-06-17T01:00:00Z,374,NA,NA,Museo Romántico
2024-06-17T02:00:00Z,227,NA,NA,Museo Romántico
2024-06-17T03:00:00Z,195,NA,NA,Museo Romántico
2024-06-17T04:00:00Z,181,NA,NA,Museo Romántico
2024-06-17T05:00:00Z,457,NA,NA,Museo Romántico
2024-06-17T06:00:00Z,1220,NA,NA,Museo Romántico
2024-06-17T07:00:00Z,2846,NA,NA,Museo Romántico
2024-06-17T08:00:00Z,4877,NA,NA,Museo Romántico
2024-06-17T09:00:00Z,5220,NA,NA,Museo Romántico
2024-06-17T10:00:00Z,4919,NA,NA,Museo Romántico
2024-06-17T11:00:00Z,4845,NA,NA,Museo Romántico
2024-06-17T12:00:00Z,5065,NA,NA,Museo Romántico
2024-06-17T13:00:00Z,5096,NA,NA,Museo Romántico
2024-06-17T14:00:00Z,5276,NA,NA,Museo Romántico
2024-06-17T15:00:00Z,5529,NA,NA,Museo Romántico
2024-06-17T16:00:00Z,6085,NA,NA,Museo Romántico
2024-06-17T17:00:00Z,6461,NA,NA,Museo Romántico
2024-06-17T18:00:00Z,5625,NA,NA,Museo Romántico
2024-06-17T19:00:00Z,3742,NA,NA,Museo Romántico
2024-06-17T20:00:00Z,2691,NA,NA,Museo Romántico
2024-06-17T21:00:00Z,2062,NA,NA,Museo Romántico
2024-06-17T22:00:00Z,1625,NA,NA,Museo Romántico
2024-06-17T23:00:00Z,1130,NA,NA,Museo Romántico
2024-06-18T00:00:00Z,693,NA,NA,Museo Romántico
2024-06-18T01:00:00Z,371,NA,NA,Museo Romántico
2024-06-18T02:00:00Z,227,NA,NA,Museo Romántico
2024-06-18T03:00:00Z,163,NA,NA,Museo Romántico
2024-06-18T04:00:00Z,209,NA,NA,Museo Romántico
2024-06-18T05:00:00Z,433,NA,NA,Museo Romántico
2024-06-18T06:00:00Z,1175,NA,NA,Museo Romántico
2024-06-18T07:00:00Z,2788,NA,NA,Museo Romántico
2024-06-18T08:00:00Z,5159,NA,NA,Museo Romántico
2024-06-18T09:00:00Z,5665,NA,NA,Museo Romántico
2024-06-18T10:00:00Z,5217,NA,NA,Museo Romántico
2024-06-18T11:00:00Z,5074,NA,NA,Museo Romántico
2024-06-18T12:00:00Z,5314,NA,NA,Museo Romántico
2024-06-18T13:00:00Z,5408,NA,NA,Museo Romántico
2024-06-18T14:00:00Z,5453,NA,NA,Museo Romántico
2024-06-18T15:00:00Z,6046,NA,NA,Museo Romántico
2024-06-18T16:00:00Z,6129,NA,NA,Museo Romántico
2024-06-18T17:00:00Z,7147,NA,NA,Museo Romántico
2024-06-18T18:00:00Z,5784,NA,NA,Museo Romántico
2024-06-18T19:00:00Z,3899,NA,NA,Museo Romántico
2024-06-18T20:00:00Z,2979,NA,NA,Museo Romántico
2024-06-18T21:00:00Z,2422,NA,NA,Museo Romántico
2024-06-18T22:00:00Z,1764,NA,NA,Museo Romántico
2024-06-18T23:00:00Z,1272,NA,NA,Museo Romántico
2024-06-19T00:00:00Z,989,NA,NA,Museo Romántico
2024-06-19T01:00:00Z,566,NA,NA,Museo Romántico
2024-06-19T02:00:00Z,389,NA,NA,Museo Romántico
2024-06-19T03:00:00Z,310,NA,NA,Museo Romántico
2024-06-19T04:00:00Z,269,NA,NA,Museo Romántico
2024-06-19T05:00:00Z,478,NA,NA,Museo Romántico
2024-06-19T06:00:00Z,1096,NA,NA,Museo Romántico
2024-06-19T07:00:00Z,1896,NA,NA,Museo Romántico
2024-06-19T08:00:00Z,3087,NA,NA,Museo Romántico
2024-06-19T09:00:00Z,3634,NA,NA,Museo Romántico
2024-06-19T10:00:00Z,4087,NA,NA,Museo Romántico
2024-06-19T11:00:00Z,4394,NA,NA,Museo Romántico
2024-06-19T12:00:00Z,4316,NA,NA,Museo Romántico
2024-06-19T13:00:00Z,4309,NA,NA,Museo Romántico
2024-06-19T14:00:00Z,4184,NA,NA,Museo Romántico
2024-06-19T15:00:00Z,4197,NA,NA,Museo Romántico
2024-06-19T16:00:00Z,4672,NA,NA,Museo Romántico
2024-06-19T17:00:00Z,5171,NA,NA,Museo Romántico
2024-06-19T18:00:00Z,3906,NA,NA,Museo Romántico
2024-06-19T19:00:00Z,2748,NA,NA,Museo Romántico
2024-06-19T20:00:00Z,2534,NA,NA,Museo Romántico
2024-06-19T21:00:00Z,1939,NA,NA,Museo Romántico
2024-06-19T22:00:00Z,1602,NA,NA,Museo Romántico
2024-06-19T23:00:00Z,1176,NA,NA,Museo Romántico
2024-06-20T00:00:00Z,744,NA,NA,Museo Romántico
2024-06-20T01:00:00Z,400,NA,NA,Museo Romántico
2024-06-20T02:00:00Z,235,NA,NA,Museo Romántico
2024-06-20T03:00:00Z,194,NA,NA,Museo Romántico
2024-06-20T04:00:00Z,197,NA,NA,Museo Romántico
2024-06-20T05:00:00Z,471,NA,NA,Museo Romántico
2024-06-20T06:00:00Z,1118,NA,NA,Museo Romántico
2024-06-20T07:00:00Z,2829,NA,NA,Museo Romántico
2024-06-20T08:00:00Z,5022,NA,NA,Museo Romántico
2024-06-20T09:00:00Z,5692,NA,NA,Museo Romántico
2024-06-20T10:00:00Z,5118,NA,3,Museo Romántico
2024-06-20T11:00:00Z,5130,NA,3.3333333333333335,Museo Romántico
2024-06-20T12:00:00Z,5381,NA,3,Museo Romántico
2024-06-20T13:00:00Z,5554,NA,3,Museo Romántico
2024-06-20T14:00:00Z,5590,NA,3.0357142857142856,Museo Romántico
2024-06-20T15:00:00Z,6184,NA,3.0714285714285716,Museo Romántico
2024-06-20T16:00:00Z,6352,NA,3.5172413793103448,Museo Romántico
2024-06-20T17:00:00Z,6573,NA,7.785714285714286,Museo Romántico
2024-06-20T18:00:00Z,5890,NA,5.206896551724138,Museo Romántico
2024-06-20T19:00:00Z,3731,NA,4.275862068965517,Museo Romántico
2024-06-20T20:00:00Z,3163,NA,7.5,Museo Romántico
2024-06-20T21:00:00Z,2461,NA,5.931034482758621,Museo Romántico
2024-06-20T22:00:00Z,1807,NA,6.75,Museo Romántico
2024-06-20T23:00:00Z,1512,NA,3.4285714285714284,Museo Romántico
2024-06-21T00:00:00Z,1099,NA,3,Museo Romántico
2024-06-21T01:00:00Z,530,NA,3,Museo Romántico
2024-06-21T02:00:00Z,322,NA,3,Museo Romántico
2024-06-21T03:00:00Z,255,NA,3,Museo Romántico
2024-06-21T04:00:00Z,249,NA,3,Museo Romántico
2024-06-21T05:00:00Z,478,NA,3,Museo Romántico
2024-06-21T06:00:00Z,1196,NA,3,Museo Romántico
2024-06-21T07:00:00Z,3108,NA,3,Museo Romántico
2024-06-21T08:00:00Z,6071,NA,3,Museo Romántico
2024-06-21T09:00:00Z,6010,NA,3,Museo Romántico
2024-06-21T10:00:00Z,5463,NA,3,Museo Romántico
2024-06-21T11:00:00Z,5331,NA,3.7857142857142856,Museo Romántico
2024-06-21T12:00:00Z,5614,NA,5.172413793103448,Museo Romántico
2024-06-21T13:00:00Z,5818,NA,5.678571428571429,Museo Romántico
2024-06-21T14:00:00Z,5944,NA,9.444444444444445,Museo Romántico
2024-06-21T15:00:00Z,6171,NA,9.11111111111111,Museo Romántico
2024-06-21T16:00:00Z,6848,NA,3.466666666666667,Museo Romántico
2024-06-21T17:00:00Z,7325,NA,3.392857142857143,Museo Romántico
2024-06-21T18:00:00Z,5464,NA,8.296296296296296,Museo Romántico
2024-06-21T19:00:00Z,3927,NA,11.827586206896552,Museo Romántico
2024-06-21T20:00:00Z,3288,NA,5.413793103448276,Museo Romántico
2024-06-21T21:00:00Z,2740,NA,16.22222222222222,Museo Romántico
2024-06-21T22:00:00Z,2249,NA,21.75,Museo Romántico
2024-06-21T23:00:00Z,1864,NA,13.533333333333333,Museo Romántico
2024-06-22T00:00:00Z,1572,NA,10.964285714285714,Museo Romántico
2024-06-22T01:00:00Z,1198,NA,7.068965517241379,Museo Romántico
2024-06-22T02:00:00Z,818,NA,9.5,Museo Romántico
2024-06-22T03:00:00Z,692,NA,7.633333333333334,Museo Romántico
2024-06-22T04:00:00Z,710,NA,7,Museo Romántico
2024-06-22T05:00:00Z,781,NA,8.827586206896552,Museo Romántico
2024-06-22T06:00:00Z,974,NA,5.357142857142857,Museo Romántico
2024-06-22T07:00:00Z,1290,NA,6.071428571428571,Museo Romántico
2024-06-22T08:00:00Z,2136,NA,10.344827586206897,Museo Romántico
2024-06-22T09:00:00Z,2617,NA,5.96,Museo Romántico
2024-06-22T10:00:00Z,3358,NA,5.142857142857143,Museo Romántico
2024-06-22T11:00:00Z,3807,NA,7.285714285714286,Museo Romántico
2024-06-22T12:00:00Z,4342,NA,6.517241379310345,Museo Romántico
2024-06-22T13:00:00Z,4030,NA,3.074074074074074,Museo Romántico
2024-06-22T14:00:00Z,3029,NA,3.0344827586206895,Museo Romántico
2024-06-22T15:00:00Z,2750,NA,6.448275862068965,Museo Romántico
2024-06-22T16:00:00Z,2766,NA,5.518518518518518,Museo Romántico
2024-06-22T17:00:00Z,2842,NA,7.172413793103448,Museo Romántico
2024-06-22T18:00:00Z,2368,NA,6.724137931034483,Museo Romántico
2024-06-22T19:00:00Z,2440,NA,7.620689655172414,Museo Romántico
2024-06-22T20:00:00Z,2643,NA,6.214285714285714,Museo Romántico
2024-06-22T21:00:00Z,2526,NA,3.4444444444444446,Museo Romántico
2024-06-22T22:00:00Z,2352,NA,3,Museo Romántico
2024-06-22T23:00:00Z,1992,NA,3,Museo Romántico
2024-06-23T00:00:00Z,1736,NA,3,Museo Romántico
2024-06-23T01:00:00Z,1354,NA,3,Museo Romántico
2024-06-23T02:00:00Z,939,NA,3.107142857142857,Museo Romántico
2024-06-23T03:00:00Z,766,NA,3.066666666666667,Museo Romántico
2024-06-23T04:00:00Z,660,NA,3,Museo Romántico
2024-06-23T05:00:00Z,620,NA,3,Museo Romántico
2024-06-23T06:00:00Z,717,NA,3,Museo Romántico
2024-06-23T07:00:00Z,674,NA,3,Museo Romántico
2024-06-23T08:00:00Z,798,NA,3.1785714285714284,Museo Romántico
2024-06-23T09:00:00Z,1019,NA,3,Museo Romántico
2024-06-23T10:00:00Z,1294,NA,3,Museo Romántico
2024-06-23T11:00:00Z,1671,NA,3,Museo Romántico
2024-06-23T12:00:00Z,2090,NA,3,Museo Romántico
2024-06-23T13:00:00Z,2291,NA,3,Museo Romántico
2024-06-23T14:00:00Z,2084,NA,3,Museo Romántico
2024-06-23T15:00:00Z,2308,NA,3,Museo Romántico
2024-06-23T16:00:00Z,2649,NA,3,Museo Romántico
2024-06-23T17:00:00Z,2622,NA,3,Museo Romántico
2024-06-23T18:00:00Z,2515,NA,3.037037037037037,Museo Romántico
2024-06-23T19:00:00Z,2249,NA,3.6551724137931036,Museo Romántico
2024-06-23T20:00:00Z,2009,NA,3.6785714285714284,Museo Romántico
2024-06-23T21:00:00Z,1764,NA,3,Museo Romántico
2024-06-23T22:00:00Z,1031,NA,3,Museo Romántico
2024-06-23T23:00:00Z,757,NA,3,Museo Romántico
2024-06-24T00:00:00Z,956,NA,3,Museo Romántico
2024-06-24T01:00:00Z,445,NA,3,Museo Romántico
2024-06-24T02:00:00Z,222,NA,3,Museo Romántico
2024-06-24T03:00:00Z,185,NA,3,Museo Romántico
2024-06-24T04:00:00Z,200,NA,3,Museo Romántico
2024-06-24T05:00:00Z,468,NA,3,Museo Romántico
2024-06-24T06:00:00Z,1194,NA,3,Museo Romántico
2024-06-24T07:00:00Z,2796,NA,3.2333333333333334,Museo Romántico
2024-06-24T08:00:00Z,4997,NA,3,Museo Romántico
2024-06-24T09:00:00Z,5634,NA,3,Museo Romántico
2024-06-24T10:00:00Z,5131,NA,3,Museo Romántico
2024-06-24T11:00:00Z,4977,NA,3,Museo Romántico
2024-06-24T12:00:00Z,5015,NA,3,Museo Romántico
2024-06-24T13:00:00Z,5167,NA,3,Museo Romántico
2024-06-24T14:00:00Z,5215,NA,3,Museo Romántico
2024-06-24T15:00:00Z,5510,NA,3,Museo Romántico
2024-06-24T16:00:00Z,5738,NA,3,Museo Romántico
2024-06-24T17:00:00Z,6654,NA,3,Museo Romántico
2024-06-24T18:00:00Z,5537,NA,3,Museo Romántico
2024-06-24T19:00:00Z,3644,NA,3,Museo Romántico
2024-06-24T20:00:00Z,2723,NA,3,Museo Romántico
2024-06-24T21:00:00Z,2164,NA,3,Museo Romántico
2024-06-24T22:00:00Z,1534,NA,3,Museo Romántico
2024-06-24T23:00:00Z,1047,NA,3,Museo Romántico
2024-06-25T00:00:00Z,619,NA,3,Museo Romántico
2024-06-25T01:00:00Z,315,NA,3,Museo Romántico
2024-06-25T02:00:00Z,192,NA,3,Museo Romántico
2024-06-25T03:00:00Z,150,NA,3,Museo Romántico
2024-06-25T04:00:00Z,188,NA,3,Museo Romántico
2024-06-25T05:00:00Z,436,NA,3,Museo Romántico
2024-06-25T06:00:00Z,1122,NA,3,Museo Romántico
2024-06-25T07:00:00Z,2919,NA,3,Museo Romántico
2024-06-25T08:00:00Z,4863,NA,3,Museo Romántico
2024-06-25T09:00:00Z,5475,NA,3,Museo Romántico
2024-06-25T10:00:00Z,4987,NA,3,Museo Romántico
2024-06-25T11:00:00Z,5156,NA,3.066666666666667,Museo Romántico
2024-06-25T12:00:00Z,5158,NA,3.033333333333333,Museo Romántico
2024-06-25T13:00:00Z,5454,NA,3,Museo Romántico
2024-06-25T14:00:00Z,5612,NA,3,Museo Romántico
2024-06-25T15:00:00Z,5746,NA,3.1,Museo Romántico
2024-06-25T16:00:00Z,6096,NA,3,Museo Romántico
2024-06-25T17:00:00Z,6936,NA,3.066666666666667,Museo Romántico
2024-06-25T18:00:00Z,5840,NA,3.2,Museo Romántico
2024-06-25T19:00:00Z,3844,NA,3,Museo Romántico
2024-06-25T20:00:00Z,2858,NA,4.9,Museo Romántico
2024-06-25T21:00:00Z,2425,NA,8.214285714285714,Museo Romántico
2024-06-25T22:00:00Z,1704,NA,15.466666666666667,Museo Romántico
2024-06-25T23:00:00Z,1101,NA,24.2,Museo Romántico
2024-06-26T00:00:00Z,742,NA,15.1,Museo Romántico
2024-06-26T01:00:00Z,342,NA,7.233333333333333,Museo Romántico
2024-06-26T02:00:00Z,221,NA,7.7,Museo Romántico
2024-06-26T03:00:00Z,169,NA,8.4,Museo Romántico
2024-06-26T04:00:00Z,185,NA,4.3,Museo Romántico
2024-06-26T05:00:00Z,475,NA,6.433333333333334,Museo Romántico
2024-06-26T06:00:00Z,1173,NA,4.166666666666667,Museo Romántico
2024-06-26T07:00:00Z,2766,NA,5.633333333333334,Museo Romántico
2024-06-26T08:00:00Z,4883,NA,5.464285714285714,Museo Romántico
2024-06-26T09:00:00Z,5482,NA,4.72,Museo Romántico
2024-06-26T10:00:00Z,5249,NA,3.9655172413793105,Museo Romántico
2024-06-26T11:00:00Z,5002,NA,3.2413793103448274,Museo Romántico
2024-06-26T12:00:00Z,5092,NA,6.178571428571429,Museo Romántico
2024-06-26T13:00:00Z,5612,NA,3.357142857142857,Museo Romántico
2024-06-26T14:00:00Z,5643,NA,3,Museo Romántico
2024-06-26T15:00:00Z,5631,NA,3.0357142857142856,Museo Romántico
2024-06-26T16:00:00Z,6076,NA,3.2758620689655173,Museo Romántico
2024-06-26T17:00:00Z,6859,NA,6.793103448275862,Museo Romántico
2024-06-26T18:00:00Z,5806,NA,11.107142857142858,Museo Romántico
2024-06-26T19:00:00Z,3806,NA,14.551724137931034,Museo Romántico
2024-06-26T20:00:00Z,3062,NA,12.5,Museo Romántico
2024-06-26T21:00:00Z,2486,NA,11.576923076923077,Museo Romántico
2024-06-26T22:00:00Z,1628,NA,11.137931034482758,Museo Romántico
2024-06-26T23:00:00Z,1140,NA,9.5,Museo Romántico
2024-06-27T00:00:00Z,764,NA,9.482758620689655,Museo Romántico
2024-06-27T01:00:00Z,355,NA,10.428571428571429,Museo Romántico
2024-06-27T02:00:00Z,249,NA,8.142857142857142,Museo Romántico
2024-06-27T03:00:00Z,237,NA,5.966666666666667,Museo Romántico
2024-06-27T04:00:00Z,228,NA,8.714285714285714,Museo Romántico
2024-06-27T05:00:00Z,511,NA,9.6,Museo Romántico
2024-06-27T06:00:00Z,1129,NA,8.178571428571429,Museo Romántico
2024-06-27T07:00:00Z,2626,NA,8.833333333333334,Museo Romántico
2024-06-27T08:00:00Z,4891,NA,9.592592592592593,Museo Romántico
2024-06-27T09:00:00Z,5546,NA,10.071428571428571,Museo Romántico
2024-06-27T10:00:00Z,5075,NA,5.7,Museo Romántico
2024-06-27T11:00:00Z,4790,NA,5.3,Museo Romántico
2024-06-27T12:00:00Z,5235,NA,5.866666666666666,Museo Romántico
2024-06-27T13:00:00Z,5334,NA,3.966666666666667,Museo Romántico
2024-06-27T14:00:00Z,5425,NA,4.266666666666667,Museo Romántico
2024-06-27T15:00:00Z,5529,NA,3.3,Museo Romántico
2024-06-27T16:00:00Z,6244,NA,5,Museo Romántico
2024-06-27T17:00:00Z,6937,NA,5.433333333333334,Museo Romántico
2024-06-27T18:00:00Z,5725,NA,12.866666666666667,Museo Romántico
2024-06-27T19:00:00Z,4025,NA,21.066666666666666,Museo Romántico
2024-06-27T20:00:00Z,3527,NA,31.933333333333334,Museo Romántico
2024-06-27T21:00:00Z,2788,NA,39.035714285714285,Museo Romántico
2024-06-27T22:00:00Z,1726,NA,35.4,Museo Romántico
2024-06-27T23:00:00Z,1012,NA,10.4,Museo Romántico
2024-06-28T00:00:00Z,1213,NA,4.366666666666666,Museo Romántico
2024-06-28T01:00:00Z,675,NA,6.066666666666666,Museo Romántico
2024-06-28T02:00:00Z,431,NA,4.933333333333334,Museo Romántico
2024-06-28T03:00:00Z,521,NA,3,Museo Romántico
2024-06-28T04:00:00Z,330,NA,3,Museo Romántico
2024-06-28T05:00:00Z,516,NA,3,Museo Romántico
2024-06-28T06:00:00Z,1239,NA,3,Museo Romántico
2024-06-28T07:00:00Z,2794,NA,3,Museo Romántico
2024-06-28T08:00:00Z,5023,NA,3,Museo Romántico
2024-06-28T09:00:00Z,5529,NA,3,Museo Romántico
2024-06-28T10:00:00Z,5047,NA,3,Museo Romántico
2024-06-28T11:00:00Z,5024,NA,3,Museo Romántico
2024-06-28T12:00:00Z,4803,NA,3,Museo Romántico
2024-06-28T13:00:00Z,6017,NA,3,Museo Romántico
2024-06-28T14:00:00Z,6080,NA,3,Museo Romántico
2024-06-28T15:00:00Z,6006,NA,3,Museo Romántico
2024-06-28T16:00:00Z,6554,NA,3,Museo Romántico
2024-06-28T17:00:00Z,6797,NA,3,Museo Romántico
2024-06-28T18:00:00Z,5814,NA,3,Museo Romántico
2024-06-28T19:00:00Z,4278,NA,3,Museo Romántico
2024-06-28T20:00:00Z,3485,NA,3,Museo Romántico
2024-06-28T21:00:00Z,2941,NA,3,Museo Romántico
2024-06-28T22:00:00Z,2366,NA,3.0344827586206895,Museo Romántico
2024-06-28T23:00:00Z,1686,NA,3.413793103448276,Museo Romántico
2024-06-29T00:00:00Z,1543,NA,3,Museo Romántico
2024-06-29T01:00:00Z,1184,NA,3,Museo Romántico
2024-06-29T02:00:00Z,731,NA,3.1724137931034484,Museo Romántico
2024-06-29T03:00:00Z,673,NA,3.4,Museo Romántico
2024-06-29T04:00:00Z,654,NA,3.0357142857142856,Museo Romántico
2024-06-29T05:00:00Z,709,NA,3,Museo Romántico
2024-06-29T06:00:00Z,906,NA,3,Museo Romántico
2024-06-29T07:00:00Z,1097,NA,3,Museo Romántico
2024-06-29T08:00:00Z,1797,NA,3.0344827586206895,Museo Romántico
2024-06-29T09:00:00Z,2313,NA,3,Museo Romántico
2024-06-29T10:00:00Z,3013,NA,3.433333333333333,Museo Romántico
2024-06-29T11:00:00Z,3838,NA,3.0357142857142856,Museo Romántico
2024-06-29T12:00:00Z,4579,NA,3.1481481481481484,Museo Romántico
2024-06-29T13:00:00Z,4215,NA,3.2413793103448274,Museo Romántico
2024-06-29T14:00:00Z,3455,NA,4.142857142857143,Museo Romántico
2024-06-29T15:00:00Z,2930,NA,3.5,Museo Romántico
2024-06-29T16:00:00Z,3236,NA,3.4,Museo Romántico
2024-06-29T17:00:00Z,3093,NA,3.0714285714285716,Museo Romántico
2024-06-29T18:00:00Z,2576,NA,3.259259259259259,Museo Romántico
2024-06-29T19:00:00Z,2709,NA,3.3448275862068964,Museo Romántico
2024-06-29T20:00:00Z,2642,NA,3.1785714285714284,Museo Romántico
2024-06-29T21:00:00Z,2296,NA,3,Museo Romántico
2024-06-29T22:00:00Z,2258,NA,3,Museo Romántico
2024-06-29T23:00:00Z,1679,NA,3,Museo Romántico
2024-06-30T00:00:00Z,1333,NA,3,Museo Romántico
2024-06-30T01:00:00Z,944,NA,3,Museo Romántico
2024-06-30T02:00:00Z,692,NA,3,Museo Romántico
2024-06-30T03:00:00Z,599,NA,3,Museo Romántico
2024-06-30T04:00:00Z,603,NA,3,Museo Romántico
2024-06-30T05:00:00Z,568,NA,3,Museo Romántico
2024-06-30T06:00:00Z,1008,NA,3,Museo Romántico
2024-06-30T07:00:00Z,903,NA,6.724137931034483,Museo Romántico
2024-06-30T08:00:00Z,1194,NA,4.928571428571429,Museo Romántico
2024-06-30T09:00:00Z,1535,NA,6.384615384615385,Museo Romántico
2024-06-30T10:00:00Z,1797,NA,6.214285714285714,Museo Romántico
2024-06-30T11:00:00Z,2481,NA,3.0689655172413794,Museo Romántico
2024-06-30T12:00:00Z,3170,NA,3,Museo Romántico
2024-06-30T13:00:00Z,3299,NA,3,Museo Romántico
2024-06-30T14:00:00Z,2938,NA,3,Museo Romántico
2024-06-30T15:00:00Z,2997,NA,3,Museo Romántico
2024-06-30T16:00:00Z,3068,NA,3,Museo Romántico
2024-06-30T17:00:00Z,3153,NA,4,Museo Romántico
2024-06-30T18:00:00Z,2825,NA,4.25,Museo Romántico
2024-06-30T19:00:00Z,2213,NA,3.5172413793103448,Museo Romántico
2024-06-30T20:00:00Z,2035,NA,3.9285714285714284,Museo Romántico
2024-06-30T21:00:00Z,1760,NA,5.107142857142857,Museo Romántico
2024-06-30T22:00:00Z,1472,NA,4.555555555555555,Museo Romántico
2024-06-30T23:00:00Z,1228,NA,3.0714285714285716,Museo Romántico
